{
	"credit": "Made with Blockbench",
	"textures": {
		"0": "slot_1:item/nova/0",
		"1": "slot_1:item/nova/1",
		"particle": "slot_1:item/nova/0"
	},
	"elements": [
		{
			"from": [7.5, 0.54748, 18.31325],
			"to": [8.5, 1.94748, 25.51325],
			"rotation": {"angle": 0, "axis": "x", "origin": [8, 1.54748, 19.81325]},
			"faces": {
				"north": {"uv": [0, 0, 4, 4], "texture": "#0"},
				"east": {"uv": [0, 0, 4, 4], "texture": "#0"},
				"south": {"uv": [0, 0, 4, 4], "texture": "#0"},
				"west": {"uv": [0, 0, 4, 4], "texture": "#0"},
				"up": {"uv": [0, 0, 4, 4], "texture": "#0"},
				"down": {"uv": [0, 0, 4, 4], "texture": "#0"}
			}
		},
		{
			"from": [7.5, -1.75252, 23.41325],
			"to": [8.5, 0.54748, 25.51325],
			"rotation": {"angle": 0, "axis": "y", "origin": [8, 1.54748, 19.81325]},
			"faces": {
				"north": {"uv": [0, 0, 4, 4], "texture": "#0"},
				"east": {"uv": [0, 0, 4, 4], "texture": "#0"},
				"south": {"uv": [0, 0, 4, 4], "texture": "#0"},
				"west": {"uv": [0, 0, 4, 4], "texture": "#0"},
				"up": {"uv": [0, 0, 4, 4], "texture": "#0"},
				"down": {"uv": [0, 0, 4, 4], "texture": "#0"}
			}
		},
		{
			"from": [7.5, -0.85252, 21.21325],
			"to": [8.5, 0.54748, 23.41325],
			"rotation": {"angle": 0, "axis": "y", "origin": [8, 1.54748, 19.81325]},
			"faces": {
				"north": {"uv": [0, 0, 4, 4], "texture": "#0"},
				"east": {"uv": [0, 0, 4, 4], "texture": "#0"},
				"south": {"uv": [0, 0, 4, 4], "texture": "#0"},
				"west": {"uv": [0, 0, 4, 4], "texture": "#0"},
				"up": {"uv": [0, 0, 4, 4], "texture": "#0"},
				"down": {"uv": [0, 0, 4, 4], "texture": "#0"}
			}
		},
		{
			"from": [7.5, -0.15252, 20.11325],
			"to": [8.5, 0.54748, 21.21325],
			"rotation": {"angle": 0, "axis": "y", "origin": [8, 1.54748, 19.81325]},
			"faces": {
				"north": {"uv": [0, 0, 4, 4], "texture": "#0"},
				"east": {"uv": [0, 0, 4, 4], "texture": "#0"},
				"south": {"uv": [0, 0, 4, 4], "texture": "#0"},
				"west": {"uv": [0, 0, 4, 4], "texture": "#0"},
				"up": {"uv": [0, 0, 4, 4], "texture": "#0"},
				"down": {"uv": [0, 0, 4, 4], "texture": "#0"}
			}
		},
		{
			"from": [7.6, 3, -11],
			"to": [8.4, 3.8, 6.1],
			"rotation": {"angle": 0, "axis": "y", "origin": [0, -1, -3]},
			"faces": {
				"north": {"uv": [12, 8.2, 16, 12], "texture": "#0"},
				"east": {"uv": [12, 12.2, 16, 16], "texture": "#0"},
				"south": {"uv": [12, 12.2, 16, 16], "texture": "#0"},
				"west": {"uv": [12, 12.2, 16, 16], "texture": "#0"},
				"up": {"uv": [12, 12.2, 16, 16], "texture": "#0"},
				"down": {"uv": [12, 12.2, 16, 16], "texture": "#0"}
			}
		},
		{
			"from": [7.1, 1.4, -3.4],
			"to": [8.9, 3, 6],
			"rotation": {"angle": 0, "axis": "y", "origin": [0, -0.6, -4.6]},
			"faces": {
				"north": {"uv": [12, 0, 16, 4], "texture": "#0"},
				"east": {"uv": [12, 0, 16, 4], "texture": "#0"},
				"south": {"uv": [12, 0, 16, 4], "texture": "#0"},
				"west": {"uv": [12, 0, 16, 4], "texture": "#0"},
				"up": {"uv": [12, 0, 16, 4], "texture": "#0"},
				"down": {"uv": [12, 0, 16, 4], "texture": "#0"}
			}
		},
		{
			"from": [7.5, 2.64776, 13.77081],
			"to": [8.5, 3.44776, 18.77081],
			"rotation": {"angle": 22.5, "axis": "x", "origin": [8, 3.04776, 14.77081]},
			"faces": {
				"north": {"uv": [0, 0, 4, 4], "texture": "#0"},
				"east": {"uv": [0, 0, 4, 4], "texture": "#0"},
				"south": {"uv": [0, 0, 4, 4], "texture": "#0"},
				"west": {"uv": [0, 0, 4, 4], "texture": "#0"},
				"up": {"uv": [0, 0, 4, 4], "texture": "#0"},
				"down": {"uv": [0, 0, 4, 4], "texture": "#0"}
			}
		},
		{
			"from": [7.5, -1.25182, 17.46327],
			"to": [8.5, -0.15182, 27.16327],
			"rotation": {"angle": 22.5, "axis": "x", "origin": [8, 1.54818, 22.16327]},
			"faces": {
				"north": {"uv": [0, 0, 4, 4], "texture": "#0"},
				"east": {"uv": [0, 0, 4, 4], "texture": "#0"},
				"south": {"uv": [0, 0, 4, 4], "texture": "#0"},
				"west": {"uv": [0, 0, 4, 4], "texture": "#0"},
				"up": {"uv": [0, 0, 4, 4], "texture": "#0"},
				"down": {"uv": [0, 0, 4, 4], "texture": "#0"}
			}
		},
		{
			"from": [7.4, -2.8387, 25.4324],
			"to": [8.6, 1.6413, 26.2324],
			"rotation": {"angle": 0, "axis": "x", "origin": [8, -2.15867, 25.85235]},
			"faces": {
				"north": {"uv": [12, 0, 16, 4], "rotation": 270, "texture": "#0"},
				"east": {"uv": [12, 0, 16, 4], "rotation": 270, "texture": "#0"},
				"south": {"uv": [12, 0, 16, 4], "rotation": 270, "texture": "#0"},
				"west": {"uv": [12, 0, 16, 4], "rotation": 270, "texture": "#0"},
				"up": {"uv": [12, 0, 16, 4], "rotation": 270, "texture": "#0"},
				"down": {"uv": [12, 0, 16, 4], "rotation": 270, "texture": "#0"}
			}
		},
		{
			"from": [7.4, 1.60202, 25.44453],
			"to": [8.6, 1.80202, 26.24453],
			"rotation": {"angle": 22.5, "axis": "x", "origin": [8, 1.70202, 25.84453]},
			"faces": {
				"north": {"uv": [12, 0, 16, 4], "rotation": 270, "texture": "#0"},
				"east": {"uv": [12, 0, 16, 4], "rotation": 270, "texture": "#0"},
				"south": {"uv": [12, 0, 16, 4], "rotation": 270, "texture": "#0"},
				"west": {"uv": [12, 0, 16, 4], "rotation": 270, "texture": "#0"},
				"up": {"uv": [12, 0, 16, 4], "rotation": 270, "texture": "#0"},
				"down": {"uv": [12, 0, 16, 4], "rotation": 270, "texture": "#0"}
			}
		},
		{
			"from": [7.4, -2.9373, 25.93671],
			"to": [8.6, -2.7373, 26.23671],
			"rotation": {"angle": 0, "axis": "y", "origin": [8, -2.8373, 25.83671]},
			"faces": {
				"north": {"uv": [12, 0, 16, 4], "rotation": 270, "texture": "#0"},
				"east": {"uv": [12, 0, 16, 4], "rotation": 270, "texture": "#0"},
				"south": {"uv": [12, 0, 16, 4], "rotation": 270, "texture": "#0"},
				"west": {"uv": [12, 0, 16, 4], "rotation": 270, "texture": "#0"},
				"up": {"uv": [12, 0, 16, 4], "rotation": 270, "texture": "#0"},
				"down": {"uv": [12, 0, 16, 4], "rotation": 270, "texture": "#0"}
			}
		},
		{
			"from": [7.4, -3.0174, 25.43273],
			"to": [8.6, -2.7874, 26.23273],
			"rotation": {"angle": 22.5, "axis": "x", "origin": [8, -2.86736, 25.83273]},
			"faces": {
				"north": {"uv": [12, 0, 16, 4], "rotation": 270, "texture": "#0"},
				"east": {"uv": [12, 0, 16, 4], "rotation": 270, "texture": "#0"},
				"south": {"uv": [12, 0, 16, 4], "rotation": 270, "texture": "#0"},
				"west": {"uv": [12, 0, 16, 4], "rotation": 270, "texture": "#0"},
				"up": {"uv": [12, 0, 16, 4], "rotation": 270, "texture": "#0"},
				"down": {"uv": [12, 0, 16, 4], "rotation": 270, "texture": "#0"}
			}
		},
		{
			"from": [7.4, 1.5627, 25.43671],
			"to": [8.6, 1.7627, 25.73671],
			"rotation": {"angle": 0, "axis": "x", "origin": [8, 1.7627, 25.83671]},
			"faces": {
				"north": {"uv": [12, 0, 16, 4], "rotation": 270, "texture": "#0"},
				"east": {"uv": [12, 0, 16, 4], "rotation": 270, "texture": "#0"},
				"south": {"uv": [12, 0, 16, 4], "rotation": 270, "texture": "#0"},
				"west": {"uv": [12, 0, 16, 4], "rotation": 270, "texture": "#0"},
				"up": {"uv": [12, 0, 16, 4], "rotation": 270, "texture": "#0"},
				"down": {"uv": [12, 0, 16, 4], "rotation": 270, "texture": "#0"}
			}
		},
		{
			"from": [7.35, 3, 6.1],
			"to": [8.65, 4.1, 14],
			"rotation": {"angle": 0, "axis": "y", "origin": [0, -0.1, -2.9]},
			"faces": {
				"north": {"uv": [12, 4, 16, 8], "texture": "#0"},
				"east": {"uv": [12, 4, 16, 8], "texture": "#0"},
				"south": {"uv": [12, 4, 16, 8], "texture": "#0"},
				"west": {"uv": [12, 4, 16, 8], "texture": "#0"},
				"up": {"uv": [12, 4, 16, 8], "texture": "#0"},
				"down": {"uv": [12, 4, 16, 8], "texture": "#0"}
			}
		},
		{
			"from": [7.6, 1.5, -5.7],
			"to": [8.4, 2.3, -0.2],
			"rotation": {"angle": 0, "axis": "y", "origin": [0, -1, -3]},
			"faces": {
				"north": {"uv": [12, 0, 16, 3.8], "texture": "#0"},
				"east": {"uv": [12, 0, 16, 3.8], "texture": "#0"},
				"south": {"uv": [12, 0, 16, 3.8], "texture": "#0"},
				"west": {"uv": [12, 0, 16, 3.8], "texture": "#0"},
				"up": {"uv": [12, 0, 16, 3.8], "texture": "#0"},
				"down": {"uv": [12, 0, 16, 3.8], "texture": "#0"}
			}
		},
		{
			"from": [7.4, 1.3, -4.9],
			"to": [8.6, 2.5, -4.2],
			"rotation": {"angle": 0, "axis": "y", "origin": [0, -1, -3]},
			"faces": {
				"north": {"uv": [12, 4, 16, 7.8], "texture": "#0"},
				"east": {"uv": [12, 4, 16, 7.8], "texture": "#0"},
				"south": {"uv": [12, 4, 16, 7.8], "texture": "#0"},
				"west": {"uv": [12, 4, 16, 8], "texture": "#0"},
				"up": {"uv": [12, 4, 16, 7.8], "texture": "#0"},
				"down": {"uv": [12, 4, 16, 7.8], "texture": "#0"}
			}
		},
		{
			"from": [7.5, 1.4, -6.2],
			"to": [8.5, 2.4, -5.1],
			"rotation": {"angle": 0, "axis": "y", "origin": [0, -1, -3]},
			"faces": {
				"north": {"uv": [8, 0, 12, 4], "texture": "#0"},
				"east": {"uv": [8, 0, 12, 4], "texture": "#0"},
				"south": {"uv": [8, 0, 12, 4], "texture": "#0"},
				"west": {"uv": [8, 0, 12, 4], "texture": "#0"},
				"up": {"uv": [8, 0, 12, 4], "texture": "#0"},
				"down": {"uv": [8, 0, 12, 4], "texture": "#0"}
			}
		},
		{
			"from": [7.7, 2.9, -5.2],
			"to": [8.3, 3, -4.2],
			"rotation": {"angle": 0, "axis": "y", "origin": [0, -1, -3]},
			"faces": {
				"north": {"uv": [12, 4, 16, 7.8], "texture": "#0"},
				"east": {"uv": [12, 4, 16, 7.8], "texture": "#0"},
				"south": {"uv": [12, 4, 16, 7.8], "texture": "#0"},
				"west": {"uv": [12, 4, 16, 8], "texture": "#0"},
				"up": {"uv": [12, 4, 16, 7.8], "texture": "#0"},
				"down": {"uv": [12, 4, 16, 7.8], "texture": "#0"}
			}
		},
		{
			"from": [7.7, 2.5, -4.9],
			"to": [8.3, 2.9, -4.2],
			"rotation": {"angle": 0, "axis": "y", "origin": [0, -1, -3]},
			"faces": {
				"north": {"uv": [12, 4, 16, 7.8], "texture": "#0"},
				"east": {"uv": [12, 4, 16, 7.8], "texture": "#0"},
				"south": {"uv": [12, 4, 16, 7.8], "texture": "#0"},
				"west": {"uv": [12, 4, 16, 8], "texture": "#0"},
				"up": {"uv": [12, 4, 16, 7.8], "texture": "#0"},
				"down": {"uv": [12, 4, 16, 7.8], "texture": "#0"}
			}
		},
		{
			"from": [7.4, 1.5, 6.1],
			"to": [8.6, 3, 9.8],
			"rotation": {"angle": 0, "axis": "y", "origin": [0, -0.1, -2.7]},
			"faces": {
				"north": {"uv": [12, 4, 16, 8], "texture": "#0"},
				"east": {"uv": [12, 4, 16, 8], "texture": "#0"},
				"south": {"uv": [12, 4, 16, 8], "texture": "#0"},
				"west": {"uv": [12, 4, 16, 8], "texture": "#0"},
				"up": {"uv": [12, 4, 16, 8], "texture": "#0"},
				"down": {"uv": [8, 4, 12, 12], "texture": "#0"}
			}
		},
		{
			"from": [7.41, 1.5, 9.8],
			"to": [8.59, 1.9, 10.8],
			"rotation": {"angle": 0, "axis": "y", "origin": [0, -0.1, -2.9]},
			"faces": {
				"north": {"uv": [12, 4, 16, 8], "texture": "#0"},
				"east": {"uv": [12, 4, 16, 8], "texture": "#0"},
				"south": {"uv": [12, 4, 16, 8], "texture": "#0"},
				"west": {"uv": [12, 4, 16, 8], "texture": "#0"},
				"up": {"uv": [12, 4, 16, 8], "texture": "#0"},
				"down": {"uv": [12, 4, 16, 8], "texture": "#0"}
			}
		},
		{
			"from": [7.41, 1.4, 6.1],
			"to": [8.59, 1.5, 10.8],
			"rotation": {"angle": 0, "axis": "y", "origin": [0, -0.1, -2.9]},
			"faces": {
				"north": {"uv": [8, 0, 12, 4], "texture": "#0"},
				"east": {"uv": [8, 0, 12, 4], "texture": "#0"},
				"south": {"uv": [8, 0, 12, 4], "texture": "#0"},
				"west": {"uv": [8, 0, 12, 4], "texture": "#0"},
				"up": {"uv": [8, 0, 12, 4], "texture": "#0"},
				"down": {"uv": [8, 0, 12, 4], "texture": "#0"}
			}
		},
		{
			"from": [7.41, 1.4, 10.8],
			"to": [8.59, 1.5, 15.5],
			"rotation": {"angle": 0, "axis": "y", "origin": [0, -0.1, -2.9]},
			"faces": {
				"north": {"uv": [12, 4, 16, 8], "texture": "#0"},
				"east": {"uv": [12, 4, 16, 8], "texture": "#0"},
				"south": {"uv": [12, 4, 16, 8], "texture": "#0"},
				"west": {"uv": [12, 4, 16, 8], "texture": "#0"},
				"up": {"uv": [12, 4, 16, 8], "texture": "#0"},
				"down": {"uv": [12, 4, 16, 8], "texture": "#0"}
			}
		},
		{
			"from": [7.41, 1.55771, 9.49015],
			"to": [8.59, 3.05771, 10.49015],
			"rotation": {"angle": -22.5, "axis": "x", "origin": [8, 2.30771, 9.79015]},
			"faces": {
				"north": {"uv": [12, 4, 16, 8], "texture": "#0"},
				"east": {"uv": [12, 4, 16, 8], "texture": "#0"},
				"south": {"uv": [12, 4, 16, 8], "texture": "#0"},
				"west": {"uv": [12, 4, 16, 8], "texture": "#0"},
				"up": {"uv": [12, 4, 16, 8], "texture": "#0"},
				"down": {"uv": [12, 4, 16, 8], "texture": "#0"}
			}
		},
		{
			"from": [7.4, 1.18285, 10.40559],
			"to": [8.59999, 2.88285, 11.60559],
			"rotation": {"angle": -22.5, "axis": "x", "origin": [8, 2.33285, 9.80559]},
			"faces": {
				"north": {"uv": [0, 0, 4, 4], "texture": "#0"},
				"east": {"uv": [0, 0, 4, 4], "texture": "#0"},
				"south": {"uv": [0, 0, 4, 4], "texture": "#0"},
				"west": {"uv": [0, 0, 4, 4], "texture": "#0"},
				"up": {"uv": [0, 0, 4, 4], "texture": "#0"},
				"down": {"uv": [0, 0, 4, 4], "texture": "#0"}
			}
		},
		{
			"from": [7.4, 1.5, 10.8],
			"to": [8.6, 2.7, 12.3],
			"rotation": {"angle": 0, "axis": "x", "origin": [8, 2.6, 10.95]},
			"faces": {
				"north": {"uv": [0, 0, 4, 4], "rotation": 180, "texture": "#0"},
				"east": {"uv": [0, 0, 4, 4], "rotation": 90, "texture": "#0"},
				"south": {"uv": [0, 0, 4, 4], "texture": "#0"},
				"west": {"uv": [0, 0, 4, 4], "rotation": 270, "texture": "#0"},
				"up": {"uv": [0, 0, 4, 4], "texture": "#0"},
				"down": {"uv": [0, 0, 4, 4], "rotation": 180, "texture": "#0"}
			}
		},
		{
			"from": [7.4, 1.5, 11.3],
			"to": [8.6, 3, 15.8],
			"rotation": {"angle": 0, "axis": "y", "origin": [0, -0.1, -2.9]},
			"faces": {
				"north": {"uv": [0, 0, 4, 4], "texture": "#0"},
				"east": {"uv": [0, 0, 4, 4], "texture": "#0"},
				"south": {"uv": [0, 0, 4, 4], "texture": "#0"},
				"west": {"uv": [0, 0, 4, 4], "texture": "#0"},
				"up": {"uv": [0, 0, 4, 4], "texture": "#0"},
				"down": {"uv": [0, 0, 4, 4], "texture": "#0"}
			}
		},
		{
			"from": [7.4, 0.67574, 14.98995],
			"to": [8.4, 1.47574, 17.28995],
			"rotation": {"angle": 45, "axis": "x", "origin": [7.9, 1.07574, 16.78995]},
			"faces": {
				"north": {"uv": [0, 0, 4, 4], "texture": "#0"},
				"east": {"uv": [0, 0, 4, 4], "texture": "#0"},
				"south": {"uv": [0, 0, 4, 4], "texture": "#0"},
				"west": {"uv": [0, 0, 4, 4], "texture": "#0"},
				"up": {"uv": [0, 0, 4, 4], "texture": "#0"},
				"down": {"uv": [0, 0, 4, 4], "texture": "#0"}
			}
		},
		{
			"from": [7.4, -0.32005, 17.2703],
			"to": [8.4, 2.17995, 18.3703],
			"rotation": {"angle": -22.5, "axis": "x", "origin": [7.9, -0.47005, 17.6703]},
			"faces": {
				"north": {"uv": [0, 0, 4, 4], "rotation": 180, "texture": "#0"},
				"east": {"uv": [0, 0, 4, 4], "rotation": 270, "texture": "#0"},
				"south": {"uv": [0, 0, 4, 4], "texture": "#0"},
				"west": {"uv": [0, 0, 4, 4], "rotation": 90, "texture": "#0"},
				"up": {"uv": [0, 0, 4, 4], "rotation": 180, "texture": "#0"},
				"down": {"uv": [0, 0, 4, 4], "texture": "#0"}
			}
		},
		{
			"from": [7.7, 0.3, 14.2],
			"to": [8.3, 1.4, 14.6],
			"rotation": {"angle": 0, "axis": "y", "origin": [0, -2, 0]},
			"faces": {
				"north": {"uv": [8, 0, 12, 4], "texture": "#0"},
				"east": {"uv": [8, 0, 12, 4], "texture": "#0"},
				"south": {"uv": [8, 0, 12, 4], "texture": "#0"},
				"west": {"uv": [8, 0, 12, 4], "texture": "#0"},
				"up": {"uv": [8, 0, 12, 4], "texture": "#0"},
				"down": {"uv": [8, 0, 12, 4], "texture": "#0"}
			}
		},
		{
			"from": [7.9, 0.63816, 13.70813],
			"to": [8.1, 1.03816, 13.80813],
			"rotation": {"angle": 22.5, "axis": "x", "origin": [8, 0.78816, 13.75813]},
			"faces": {
				"north": {"uv": [8, 0, 12, 4], "texture": "#0"},
				"east": {"uv": [8, 0, 12, 4], "texture": "#0"},
				"south": {"uv": [8, 0, 12, 4], "texture": "#0"},
				"west": {"uv": [8, 0, 12, 4], "texture": "#0"},
				"up": {"uv": [8, 0, 12, 4], "texture": "#0"},
				"down": {"uv": [8, 0, 12, 4], "texture": "#0"}
			}
		},
		{
			"from": [7.9, 1, 13.8],
			"to": [8.1, 1.4, 13.9],
			"rotation": {"angle": 0, "axis": "y", "origin": [0, -1.9, 0]},
			"faces": {
				"north": {"uv": [8, 0, 12, 4], "texture": "#0"},
				"east": {"uv": [8, 0, 12, 4], "texture": "#0"},
				"south": {"uv": [8, 0, 12, 4], "texture": "#0"},
				"west": {"uv": [8, 0, 12, 4], "texture": "#0"},
				"up": {"uv": [8, 0, 12, 4], "texture": "#0"},
				"down": {"uv": [8, 0, 12, 4], "texture": "#0"}
			}
		},
		{
			"from": [7.9, 0.3, 12.5],
			"to": [8.1, 1.4, 12.7],
			"rotation": {"angle": 0, "axis": "y", "origin": [0, -2, 0]},
			"faces": {
				"north": {"uv": [8, 0, 12, 4], "texture": "#0"},
				"east": {"uv": [8, 0, 12, 4], "texture": "#0"},
				"south": {"uv": [8, 0, 12, 4], "texture": "#0"},
				"west": {"uv": [8, 0, 12, 4], "texture": "#0"},
				"up": {"uv": [8, 0, 12, 4], "texture": "#0"},
				"down": {"uv": [8, 0, 12, 4], "texture": "#0"}
			}
		},
		{
			"from": [7.9, 0.91121, 12.44364],
			"to": [8.1, 1.51121, 12.64364],
			"rotation": {"angle": 22.5, "axis": "x", "origin": [8, 0.76121, 12.54364]},
			"faces": {
				"north": {"uv": [8, 0, 12, 4], "texture": "#0"},
				"east": {"uv": [8, 0, 12, 4], "texture": "#0"},
				"south": {"uv": [8, 0, 12, 4], "texture": "#0"},
				"west": {"uv": [8, 0, 12, 4], "texture": "#0"},
				"up": {"uv": [8, 0, 12, 4], "texture": "#0"},
				"down": {"uv": [8, 0, 12, 4], "texture": "#0"}
			}
		},
		{
			"from": [7.9, 0.21543, 12.57758],
			"to": [8.1, 0.81543, 12.77758],
			"rotation": {"angle": -22.5, "axis": "x", "origin": [8, 0.61543, 12.67758]},
			"faces": {
				"north": {"uv": [8, 0, 12, 4], "texture": "#0"},
				"east": {"uv": [8, 0, 12, 4], "texture": "#0"},
				"south": {"uv": [8, 0, 12, 4], "texture": "#0"},
				"west": {"uv": [8, 0, 12, 4], "texture": "#0"},
				"up": {"uv": [8, 0, 12, 4], "texture": "#0"},
				"down": {"uv": [8, 0, 12, 4], "texture": "#0"}
			}
		},
		{
			"from": [7.9, -0.1, 12.4],
			"to": [8.1, 0.3, 14.2],
			"rotation": {"angle": 0, "axis": "x", "origin": [8, 0.1, 13.45]},
			"faces": {
				"north": {"uv": [8, 0, 12, 4], "rotation": 180, "texture": "#0"},
				"east": {"uv": [8, 0, 12, 4], "rotation": 90, "texture": "#0"},
				"south": {"uv": [8, 0, 12, 4], "texture": "#0"},
				"west": {"uv": [8, 0, 12, 4], "rotation": 270, "texture": "#0"},
				"up": {"uv": [8, 0, 12, 4], "texture": "#0"},
				"down": {"uv": [8, 0, 12, 4], "rotation": 180, "texture": "#0"}
			}
		},
		{
			"from": [7.8, -0.03869, 11.99176],
			"to": [8.2, 0.36131, 12.49176],
			"rotation": {"angle": 22.5, "axis": "x", "origin": [8, 0.16131, 12.29176]},
			"faces": {
				"north": {"uv": [8, 0, 12, 4], "rotation": 180, "texture": "#0"},
				"east": {"uv": [8, 0, 12, 4], "rotation": 90, "texture": "#0"},
				"south": {"uv": [8, 0, 12, 4], "texture": "#0"},
				"west": {"uv": [8, 0, 12, 4], "rotation": 270, "texture": "#0"},
				"up": {"uv": [8, 0, 12, 4], "texture": "#0"},
				"down": {"uv": [8, 0, 12, 4], "rotation": 180, "texture": "#0"}
			}
		},
		{
			"from": [7.9, 0.1, 12],
			"to": [8.1, 1.4, 12.5],
			"rotation": {"angle": 0, "axis": "x", "origin": [8.1, 0.2, 12.25]},
			"faces": {
				"north": {"uv": [8, 0, 12, 4], "rotation": 180, "texture": "#0"},
				"east": {"uv": [8, 0, 12, 4], "rotation": 90, "texture": "#0"},
				"south": {"uv": [8, 0, 12, 4], "texture": "#0"},
				"west": {"uv": [8, 0, 12, 4], "rotation": 270, "texture": "#0"},
				"up": {"uv": [8, 0, 12, 4], "texture": "#0"},
				"down": {"uv": [8, 0, 12, 4], "rotation": 180, "texture": "#0"}
			}
		},
		{
			"from": [7.8, 0.6, 11.5],
			"to": [8.2, 1.4, 12],
			"rotation": {"angle": 0, "axis": "y", "origin": [8.1, 0.2, 12.25]},
			"faces": {
				"north": {"uv": [8, 0, 12, 4], "rotation": 180, "texture": "#0"},
				"east": {"uv": [8, 0, 12, 4], "rotation": 90, "texture": "#0"},
				"south": {"uv": [8, 0, 12, 4], "texture": "#0"},
				"west": {"uv": [8, 0, 12, 4], "rotation": 270, "texture": "#0"},
				"up": {"uv": [8, 0, 12, 4], "texture": "#0"},
				"down": {"uv": [8, 0, 12, 4], "rotation": 180, "texture": "#0"}
			}
		},
		{
			"from": [7.7, 1.1, 11.1],
			"to": [8.3, 1.4, 11.5],
			"rotation": {"angle": 0, "axis": "y", "origin": [8.1, 0.2, 12.25]},
			"faces": {
				"north": {"uv": [8, 0, 12, 4], "rotation": 180, "texture": "#0"},
				"east": {"uv": [8, 0, 12, 4], "rotation": 90, "texture": "#0"},
				"south": {"uv": [8, 0, 12, 4], "texture": "#0"},
				"west": {"uv": [8, 0, 12, 4], "rotation": 270, "texture": "#0"},
				"up": {"uv": [8, 0, 12, 4], "texture": "#0"},
				"down": {"uv": [8, 0, 12, 4], "rotation": 180, "texture": "#0"}
			}
		},
		{
			"from": [7.7, 0.56309, 10.09915],
			"to": [8.3, 0.96309, 12.29915],
			"rotation": {"angle": 45, "axis": "x", "origin": [8, 0.76309, 11.54915]},
			"faces": {
				"north": {"uv": [8, 0, 12, 4], "rotation": 180, "texture": "#0"},
				"east": {"uv": [8, 0, 12, 4], "rotation": 90, "texture": "#0"},
				"south": {"uv": [8, 0, 12, 4], "texture": "#0"},
				"west": {"uv": [8, 0, 12, 4], "rotation": 270, "texture": "#0"},
				"up": {"uv": [8, 0, 12, 4], "texture": "#0"},
				"down": {"uv": [8, 0, 12, 4], "rotation": 180, "texture": "#0"}
			}
		},
		{
			"from": [7.8, -0.28076, 14.6364],
			"to": [8.2, 0.31924, 15.0364],
			"rotation": {"angle": 45, "axis": "x", "origin": [8, 0.81924, 14.8364]},
			"faces": {
				"north": {"uv": [8, 0, 12, 4], "texture": "#0"},
				"east": {"uv": [8, 0, 12, 4], "texture": "#0"},
				"south": {"uv": [8, 0, 12, 4], "texture": "#0"},
				"west": {"uv": [8, 0, 12, 4], "texture": "#0"},
				"up": {"uv": [8, 0, 12, 4], "texture": "#0"},
				"down": {"uv": [8, 0, 12, 4], "texture": "#0"}
			}
		},
		{
			"from": [7.7, 0.37796, 14.3043],
			"to": [8.3, 1.57796, 14.7543],
			"rotation": {"angle": 22.5, "axis": "x", "origin": [8, 0.67796, 14.55429]},
			"faces": {
				"north": {"uv": [8, 0, 12, 4], "texture": "#0"},
				"east": {"uv": [8, 0, 12, 4], "texture": "#0"},
				"south": {"uv": [8, 0, 12, 4], "texture": "#0"},
				"west": {"uv": [8, 0, 12, 4], "texture": "#0"},
				"up": {"uv": [8, 0, 12, 4], "texture": "#0"},
				"down": {"uv": [8, 0, 12, 4], "texture": "#0"}
			}
		},
		{
			"from": [7.5, 4, 13.4],
			"to": [7.8, 4.7, 13.7],
			"rotation": {"angle": -22.5, "axis": "x", "origin": [8, 4.45, 13.65]},
			"faces": {
				"north": {"uv": [8, 0, 12, 4], "texture": "#0"},
				"east": {"uv": [8, 0, 12, 4], "texture": "#0"},
				"south": {"uv": [8, 0, 12, 4], "texture": "#0"},
				"west": {"uv": [8, 0, 12, 4], "texture": "#0"},
				"up": {"uv": [8, 0, 12, 4], "texture": "#0"},
				"down": {"uv": [8, 0, 12, 4], "texture": "#0"}
			}
		},
		{
			"from": [8.2, 4, 13.4],
			"to": [8.5, 4.7, 13.7],
			"rotation": {"angle": -22.5, "axis": "x", "origin": [8, 4.45, 13.65]},
			"faces": {
				"north": {"uv": [8, 0, 12, 4], "texture": "#0"},
				"east": {"uv": [8, 0, 12, 4], "texture": "#0"},
				"south": {"uv": [8, 0, 12, 4], "texture": "#0"},
				"west": {"uv": [8, 0, 12, 4], "texture": "#0"},
				"up": {"uv": [8, 0, 12, 4], "texture": "#0"},
				"down": {"uv": [8, 0, 12, 4], "texture": "#0"}
			}
		},
		{
			"from": [7.8, 4.26173, 13.00761],
			"to": [8.2, 4.36173, 13.30761],
			"rotation": {"angle": 0, "axis": "x", "origin": [8, 4.41173, 13.55761]},
			"faces": {
				"north": {"uv": [8, 0, 12, 4], "texture": "#0"},
				"east": {"uv": [8, 0, 12, 4], "texture": "#0"},
				"south": {"uv": [8, 0, 12, 4], "texture": "#0"},
				"west": {"uv": [8, 0, 12, 4], "texture": "#0"},
				"up": {"uv": [8, 0, 12, 4], "texture": "#0"},
				"down": {"uv": [8, 0, 12, 4], "texture": "#0"}
			}
		},
		{
			"from": [7.8, 3.76173, -10.19239],
			"to": [8.2, 3.86173, -9.44239],
			"rotation": {"angle": 0, "axis": "y", "origin": [8, 4.41173, 13.55761]},
			"faces": {
				"north": {"uv": [12, 4, 16, 8], "texture": "#0"},
				"east": {"uv": [12, 4, 16, 8], "texture": "#0"},
				"south": {"uv": [12, 4, 16, 8], "texture": "#0"},
				"west": {"uv": [12, 4, 16, 8], "texture": "#0"},
				"up": {"uv": [12, 4, 16, 8], "texture": "#0"},
				"down": {"uv": [12, 4, 16, 8], "texture": "#0"}
			}
		},
		{
			"from": [7.9, 3.96173, -9.99239],
			"to": [8.1, 4.01173, -9.54239],
			"rotation": {"angle": 0, "axis": "y", "origin": [8, 4.41173, 13.55761]},
			"faces": {
				"north": {"uv": [8, 0, 12, 4], "texture": "#0"},
				"east": {"uv": [8, 0, 12, 4], "texture": "#0"},
				"south": {"uv": [8, 0, 12, 4], "texture": "#0"},
				"west": {"uv": [8, 0, 12, 4], "texture": "#0"},
				"up": {"uv": [8, 0, 12, 4], "texture": "#0"},
				"down": {"uv": [8, 0, 12, 4], "texture": "#0"}
			}
		},
		{
			"from": [7.9, 3.9717, -9.8524],
			"to": [8.1, 4.1217, -9.6024],
			"rotation": {"angle": 0, "axis": "y", "origin": [8, 4.41173, 13.55761]},
			"faces": {
				"north": {"uv": [8, 0, 12, 4], "texture": "#0"},
				"east": {"uv": [8, 0, 12, 4], "texture": "#0"},
				"south": {"uv": [8, 0, 12, 4], "texture": "#0"},
				"west": {"uv": [8, 0, 12, 4], "texture": "#0"},
				"up": {"uv": [8, 0, 12, 4], "texture": "#0"},
				"down": {"uv": [8, 0, 12, 4], "texture": "#0"}
			}
		},
		{
			"from": [8.05, 4.05922, -10.27419],
			"to": [8.15, 4.15922, -9.97419],
			"rotation": {"angle": -45, "axis": "x", "origin": [8, 4.10922, -9.87419]},
			"faces": {
				"north": {"uv": [12, 4, 16, 8], "texture": "#0"},
				"east": {"uv": [12, 4, 16, 8], "texture": "#0"},
				"south": {"uv": [12, 4, 16, 8], "texture": "#0"},
				"west": {"uv": [12, 4, 16, 8], "texture": "#0"},
				"up": {"uv": [12, 4, 16, 8], "texture": "#0"},
				"down": {"uv": [12, 4, 16, 8], "texture": "#0"}
			}
		},
		{
			"from": [7.85, 4.05922, -10.27419],
			"to": [7.95, 4.15922, -9.97419],
			"rotation": {"angle": -45, "axis": "x", "origin": [8, 4.10922, -9.87419]},
			"faces": {
				"north": {"uv": [12, 4, 16, 8], "texture": "#0"},
				"east": {"uv": [12, 4, 16, 8], "texture": "#0"},
				"south": {"uv": [12, 4, 16, 8], "texture": "#0"},
				"west": {"uv": [12, 4, 16, 8], "texture": "#0"},
				"up": {"uv": [12, 4, 16, 8], "texture": "#0"},
				"down": {"uv": [12, 4, 16, 8], "texture": "#0"}
			}
		},
		{
			"from": [7.9, 4.03507, -9.97254],
			"to": [8.1, 4.13507, -9.57254],
			"rotation": {"angle": -22.5, "axis": "x", "origin": [8, 4.08507, -9.82254]},
			"faces": {
				"north": {"uv": [8, 0, 12, 4], "texture": "#0"},
				"east": {"uv": [8, 0, 12, 4], "texture": "#0"},
				"south": {"uv": [8, 0, 12, 4], "texture": "#0"},
				"west": {"uv": [8, 0, 12, 4], "texture": "#0"},
				"up": {"uv": [8, 0, 12, 4], "texture": "#0"},
				"down": {"uv": [8, 0, 12, 4], "texture": "#0"}
			}
		},
		{
			"from": [7.9, 3.82303, -9.63036],
			"to": [8.1, 4.22303, -9.53036],
			"rotation": {"angle": -22.5, "axis": "x", "origin": [8, 4.02303, -9.58036]},
			"faces": {
				"north": {"uv": [8, 0, 12, 4], "rotation": 180, "texture": "#0"},
				"east": {"uv": [8, 0, 12, 4], "rotation": 270, "texture": "#0"},
				"south": {"uv": [8, 0, 12, 4], "texture": "#0"},
				"west": {"uv": [8, 0, 12, 4], "rotation": 90, "texture": "#0"},
				"up": {"uv": [8, 0, 12, 4], "rotation": 180, "texture": "#0"},
				"down": {"uv": [8, 0, 12, 4], "texture": "#0"}
			}
		},
		{
			"from": [7.8, 4.66173, 13.00761],
			"to": [8.2, 4.76173, 13.30761],
			"rotation": {"angle": 0, "axis": "y", "origin": [8, 4.41173, 13.55761]},
			"faces": {
				"north": {"uv": [8, 0, 12, 4], "texture": "#0"},
				"east": {"uv": [8, 0, 12, 4], "texture": "#0"},
				"south": {"uv": [8, 0, 12, 4], "texture": "#0"},
				"west": {"uv": [8, 0, 12, 4], "texture": "#0"},
				"up": {"uv": [8, 0, 12, 4], "texture": "#0"},
				"down": {"uv": [8, 0, 12, 4], "texture": "#0"}
			}
		},
		{
			"from": [7.75, 4.31173, 13.00761],
			"to": [7.85, 4.71173, 13.30761],
			"rotation": {"angle": 0, "axis": "z", "origin": [8, 4.51173, 13.15761]},
			"faces": {
				"north": {"uv": [8, 0, 12, 4], "rotation": 270, "texture": "#0"},
				"east": {"uv": [8, 0, 12, 4], "rotation": 90, "texture": "#0"},
				"south": {"uv": [8, 0, 12, 4], "rotation": 90, "texture": "#0"},
				"west": {"uv": [8, 0, 12, 4], "rotation": 90, "texture": "#0"},
				"up": {"uv": [8, 0, 12, 4], "rotation": 90, "texture": "#0"},
				"down": {"uv": [8, 0, 12, 4], "rotation": 90, "texture": "#0"}
			}
		},
		{
			"from": [8.15, 4.31173, 13.00761],
			"to": [8.25, 4.71173, 13.30761],
			"rotation": {"angle": 0, "axis": "z", "origin": [8, 4.51173, 13.15761]},
			"faces": {
				"north": {"uv": [8, 0, 12, 4], "rotation": 270, "texture": "#0"},
				"east": {"uv": [8, 0, 12, 4], "rotation": 90, "texture": "#0"},
				"south": {"uv": [8, 0, 12, 4], "rotation": 90, "texture": "#0"},
				"west": {"uv": [8, 0, 12, 4], "rotation": 90, "texture": "#0"},
				"up": {"uv": [8, 0, 12, 4], "rotation": 90, "texture": "#0"},
				"down": {"uv": [8, 0, 12, 4], "rotation": 90, "texture": "#0"}
			}
		},
		{
			"from": [7.5, 3.86278, 12.1074],
			"to": [7.8, 4.36278, 13.4074],
			"rotation": {"angle": -22.5, "axis": "x", "origin": [8, 4.31278, 13.0574]},
			"faces": {
				"north": {"uv": [8, 0, 12, 4], "rotation": 180, "texture": "#0"},
				"east": {"uv": [8, 0, 12, 4], "rotation": 90, "texture": "#0"},
				"south": {"uv": [8, 0, 12, 4], "texture": "#0"},
				"west": {"uv": [8, 0, 12, 4], "rotation": 270, "texture": "#0"},
				"up": {"uv": [8, 0, 12, 4], "texture": "#0"},
				"down": {"uv": [8, 0, 12, 4], "rotation": 180, "texture": "#0"}
			}
		},
		{
			"from": [8.2, 3.86278, 12.1074],
			"to": [8.5, 4.36278, 13.4074],
			"rotation": {"angle": -22.5, "axis": "x", "origin": [8, 4.31278, 13.0574]},
			"faces": {
				"north": {"uv": [8, 0, 12, 4], "rotation": 180, "texture": "#0"},
				"east": {"uv": [8, 0, 12, 4], "rotation": 90, "texture": "#0"},
				"south": {"uv": [8, 0, 12, 4], "texture": "#0"},
				"west": {"uv": [8, 0, 12, 4], "rotation": 270, "texture": "#0"},
				"up": {"uv": [8, 0, 12, 4], "texture": "#0"},
				"down": {"uv": [8, 0, 12, 4], "rotation": 180, "texture": "#0"}
			}
		},
		{
			"from": [0, 0, 0],
			"to": [2, 2, 2],
			"rotation": {"angle": 0, "axis": "y", "origin": [0, -2, 0]},
			"faces": {
				"north": {"uv": [16, 2, 14, 0], "texture": "#1"},
				"east": {"uv": [16, 2, 14, 0], "texture": "#1"},
				"south": {"uv": [16, 2, 14, 0], "texture": "#1"},
				"west": {"uv": [16, 2, 14, 0], "texture": "#1"},
				"up": {"uv": [16, 2, 14, 0], "texture": "#1"},
				"down": {"uv": [16, 2, 14, 0], "texture": "#1"}
			}
		},
		{
			"from": [7.2, 2.2, 13.9],
			"to": [7.4, 2.5, 14.2],
			"rotation": {"angle": 0, "axis": "y", "origin": [0, -2, 0]},
			"faces": {
				"north": {"uv": [12, 0, 16, 4], "texture": "#0"},
				"east": {"uv": [12, 0, 16, 4], "texture": "#0"},
				"south": {"uv": [12, 0, 16, 4], "texture": "#0"},
				"west": {"uv": [8, 12, 12, 16], "texture": "#0"},
				"up": {"uv": [12, 0, 16, 4], "texture": "#0"},
				"down": {"uv": [12, 0, 16, 4], "texture": "#0"}
			}
		},
		{
			"from": [8.6, 2.2, 13.9],
			"to": [8.8, 2.5, 14.2],
			"rotation": {"angle": 0, "axis": "y", "origin": [0, -2, 0]},
			"faces": {
				"north": {"uv": [12, 0, 16, 4], "texture": "#0"},
				"east": {"uv": [8, 12, 12, 16], "texture": "#0"},
				"south": {"uv": [12, 0, 16, 4], "texture": "#0"},
				"west": {"uv": [12, 0, 16, 4], "texture": "#0"},
				"up": {"uv": [12, 0, 16, 4], "texture": "#0"},
				"down": {"uv": [12, 0, 16, 4], "texture": "#0"}
			}
		},
		{
			"from": [8.6, 2.2, 10.9],
			"to": [8.8, 2.5, 11.2],
			"rotation": {"angle": 0, "axis": "y", "origin": [0, -2, 0]},
			"faces": {
				"north": {"uv": [12, 0, 16, 4], "texture": "#0"},
				"east": {"uv": [8, 12, 12, 16], "texture": "#0"},
				"south": {"uv": [12, 0, 16, 4], "texture": "#0"},
				"west": {"uv": [12, 0, 16, 4], "texture": "#0"},
				"up": {"uv": [12, 0, 16, 4], "texture": "#0"},
				"down": {"uv": [12, 0, 16, 4], "texture": "#0"}
			}
		},
		{
			"from": [7.2, 2.2, 10.9],
			"to": [7.4, 2.5, 11.2],
			"rotation": {"angle": 0, "axis": "y", "origin": [0, -2, 0]},
			"faces": {
				"north": {"uv": [12, 0, 16, 4], "texture": "#0"},
				"east": {"uv": [12, 0, 16, 4], "texture": "#0"},
				"south": {"uv": [12, 0, 16, 4], "texture": "#0"},
				"west": {"uv": [8, 12, 12, 16], "texture": "#0"},
				"up": {"uv": [12, 0, 16, 4], "texture": "#0"},
				"down": {"uv": [12, 0, 16, 4], "texture": "#0"}
			}
		},
		{
			"from": [7, 2.1, 0.5],
			"to": [9, 3.3, 6.1],
			"rotation": {"angle": 0, "axis": "y", "origin": [0, -0.6, -4.6]},
			"faces": {
				"north": {"uv": [0, 0, 4, 4], "texture": "#0"},
				"east": {"uv": [0, 0, 4, 4], "texture": "#0"},
				"south": {"uv": [0, 0, 4, 4], "texture": "#0"},
				"west": {"uv": [0, 0, 4, 4], "texture": "#0"},
				"up": {"uv": [0, 0, 4, 4], "texture": "#0"},
				"down": {"uv": [0, 0, 4, 4], "texture": "#0"}
			}
		},
		{
			"from": [7, 1.3, 4.8],
			"to": [9, 2.1, 6.1],
			"rotation": {"angle": 0, "axis": "y", "origin": [0, -0.6, -4.6]},
			"faces": {
				"north": {"uv": [0, 0, 4, 4], "texture": "#0"},
				"east": {"uv": [0, 0, 4, 4], "texture": "#0"},
				"south": {"uv": [0, 0, 4, 4], "texture": "#0"},
				"west": {"uv": [0, 0, 4, 4], "texture": "#0"},
				"up": {"uv": [0, 0, 4, 4], "texture": "#0"},
				"down": {"uv": [0, 0, 4, 4], "texture": "#0"}
			}
		},
		{
			"from": [7, 2.11537, 3.00088],
			"to": [9, 3.31537, 5.20088],
			"rotation": {"angle": 22.5, "axis": "x", "origin": [8, 2.71537, 2.95088]},
			"faces": {
				"north": {"uv": [0, 0, 4, 4], "texture": "#0"},
				"east": {"uv": [0, 0, 4, 4], "texture": "#0"},
				"south": {"uv": [0, 0, 4, 4], "texture": "#0"},
				"west": {"uv": [0, 0, 4, 4], "texture": "#0"},
				"up": {"uv": [0, 0, 4, 4], "texture": "#0"},
				"down": {"uv": [0, 0, 4, 4], "texture": "#0"}
			}
		},
		{
			"from": [7, 1.3, 4.5],
			"to": [9, 3, 4.7],
			"rotation": {"angle": 0, "axis": "y", "origin": [0, -0.6, -4.6]},
			"faces": {
				"north": {"uv": [0, 0, 4, 4], "texture": "#0"},
				"east": {"uv": [0, 0, 4, 4], "texture": "#0"},
				"south": {"uv": [0, 0, 4, 4], "texture": "#0"},
				"west": {"uv": [0, 0, 4, 4], "texture": "#0"},
				"up": {"uv": [0, 0, 4, 4], "texture": "#0"},
				"down": {"uv": [0, 0, 4, 4], "texture": "#0"}
			}
		},
		{
			"from": [7, 1.3, 4.2],
			"to": [9, 3, 4.4],
			"rotation": {"angle": 0, "axis": "y", "origin": [0, -0.6, -4.6]},
			"faces": {
				"north": {"uv": [0, 0, 4, 4], "texture": "#0"},
				"east": {"uv": [0, 0, 4, 4], "texture": "#0"},
				"south": {"uv": [0, 0, 4, 4], "texture": "#0"},
				"west": {"uv": [0, 0, 4, 4], "texture": "#0"},
				"up": {"uv": [0, 0, 4, 4], "texture": "#0"},
				"down": {"uv": [0, 0, 4, 4], "texture": "#0"}
			}
		},
		{
			"from": [7, 1.3, 3.9],
			"to": [9, 3, 4.1],
			"rotation": {"angle": 0, "axis": "y", "origin": [0, -0.6, -4.6]},
			"faces": {
				"north": {"uv": [0, 0, 4, 4], "texture": "#0"},
				"east": {"uv": [0, 0, 4, 4], "texture": "#0"},
				"south": {"uv": [0, 0, 4, 4], "texture": "#0"},
				"west": {"uv": [0, 0, 4, 4], "texture": "#0"},
				"up": {"uv": [0, 0, 4, 4], "texture": "#0"},
				"down": {"uv": [0, 0, 4, 4], "texture": "#0"}
			}
		},
		{
			"from": [7, 1.3, 3.6],
			"to": [9, 3, 3.8],
			"rotation": {"angle": 0, "axis": "y", "origin": [0, -0.6, -4.6]},
			"faces": {
				"north": {"uv": [0, 0, 4, 4], "texture": "#0"},
				"east": {"uv": [0, 0, 4, 4], "texture": "#0"},
				"south": {"uv": [0, 0, 4, 4], "texture": "#0"},
				"west": {"uv": [0, 0, 4, 4], "texture": "#0"},
				"up": {"uv": [0, 0, 4, 4], "texture": "#0"},
				"down": {"uv": [0, 0, 4, 4], "texture": "#0"}
			}
		},
		{
			"from": [7, 1.3, 3.3],
			"to": [9, 3, 3.5],
			"rotation": {"angle": 0, "axis": "y", "origin": [0, -0.6, -4.6]},
			"faces": {
				"north": {"uv": [0, 0, 4, 4], "texture": "#0"},
				"east": {"uv": [0, 0, 4, 4], "texture": "#0"},
				"south": {"uv": [0, 0, 4, 4], "texture": "#0"},
				"west": {"uv": [0, 0, 4, 4], "texture": "#0"},
				"up": {"uv": [0, 0, 4, 4], "texture": "#0"},
				"down": {"uv": [0, 0, 4, 4], "texture": "#0"}
			}
		},
		{
			"from": [7, 1.3, 3],
			"to": [9, 3, 3.2],
			"rotation": {"angle": 0, "axis": "y", "origin": [0, -0.6, -4.6]},
			"faces": {
				"north": {"uv": [0, 0, 4, 4], "texture": "#0"},
				"east": {"uv": [0, 0, 4, 4], "texture": "#0"},
				"south": {"uv": [0, 0, 4, 4], "texture": "#0"},
				"west": {"uv": [0, 0, 4, 4], "texture": "#0"},
				"up": {"uv": [0, 0, 4, 4], "texture": "#0"},
				"down": {"uv": [0, 0, 4, 4], "texture": "#0"}
			}
		},
		{
			"from": [7, 1.3, 2.7],
			"to": [9, 3, 2.9],
			"rotation": {"angle": 0, "axis": "y", "origin": [0, -0.6, -4.6]},
			"faces": {
				"north": {"uv": [0, 0, 4, 4], "texture": "#0"},
				"east": {"uv": [0, 0, 4, 4], "texture": "#0"},
				"south": {"uv": [0, 0, 4, 4], "texture": "#0"},
				"west": {"uv": [0, 0, 4, 4], "texture": "#0"},
				"up": {"uv": [0, 0, 4, 4], "texture": "#0"},
				"down": {"uv": [0, 0, 4, 4], "texture": "#0"}
			}
		},
		{
			"from": [7, 1.3, 2.4],
			"to": [9, 3, 2.6],
			"rotation": {"angle": 0, "axis": "y", "origin": [0, -0.6, -4.6]},
			"faces": {
				"north": {"uv": [0, 0, 4, 4], "texture": "#0"},
				"east": {"uv": [0, 0, 4, 4], "texture": "#0"},
				"south": {"uv": [0, 0, 4, 4], "texture": "#0"},
				"west": {"uv": [0, 0, 4, 4], "texture": "#0"},
				"up": {"uv": [0, 0, 4, 4], "texture": "#0"},
				"down": {"uv": [0, 0, 4, 4], "texture": "#0"}
			}
		},
		{
			"from": [7, 1.3, 2.1],
			"to": [9, 3, 2.3],
			"rotation": {"angle": 0, "axis": "y", "origin": [0, -0.6, -4.6]},
			"faces": {
				"north": {"uv": [0, 0, 4, 4], "texture": "#0"},
				"east": {"uv": [0, 0, 4, 4], "texture": "#0"},
				"south": {"uv": [0, 0, 4, 4], "texture": "#0"},
				"west": {"uv": [0, 0, 4, 4], "texture": "#0"},
				"up": {"uv": [0, 0, 4, 4], "texture": "#0"},
				"down": {"uv": [0, 0, 4, 4], "texture": "#0"}
			}
		},
		{
			"from": [7, 1.3, 1.8],
			"to": [9, 3, 2],
			"rotation": {"angle": 0, "axis": "y", "origin": [0, -0.6, -4.6]},
			"faces": {
				"north": {"uv": [0, 0, 4, 4], "texture": "#0"},
				"east": {"uv": [0, 0, 4, 4], "texture": "#0"},
				"south": {"uv": [0, 0, 4, 4], "texture": "#0"},
				"west": {"uv": [0, 0, 4, 4], "texture": "#0"},
				"up": {"uv": [0, 0, 4, 4], "texture": "#0"},
				"down": {"uv": [0, 0, 4, 4], "texture": "#0"}
			}
		},
		{
			"from": [7, 1.3, 1.5],
			"to": [9, 3, 1.7],
			"rotation": {"angle": 0, "axis": "y", "origin": [0, -0.6, -4.6]},
			"faces": {
				"north": {"uv": [0, 0, 4, 4], "texture": "#0"},
				"east": {"uv": [0, 0, 4, 4], "texture": "#0"},
				"south": {"uv": [0, 0, 4, 4], "texture": "#0"},
				"west": {"uv": [0, 0, 4, 4], "texture": "#0"},
				"up": {"uv": [0, 0, 4, 4], "texture": "#0"},
				"down": {"uv": [0, 0, 4, 4], "texture": "#0"}
			}
		},
		{
			"from": [7, 1.3, 1.2],
			"to": [9, 3, 1.4],
			"rotation": {"angle": 0, "axis": "y", "origin": [0, -0.6, -4.6]},
			"faces": {
				"north": {"uv": [0, 0, 4, 4], "texture": "#0"},
				"east": {"uv": [0, 0, 4, 4], "texture": "#0"},
				"south": {"uv": [0, 0, 4, 4], "texture": "#0"},
				"west": {"uv": [0, 0, 4, 4], "texture": "#0"},
				"up": {"uv": [0, 0, 4, 4], "texture": "#0"},
				"down": {"uv": [0, 0, 4, 4], "texture": "#0"}
			}
		},
		{
			"from": [7, 1.3, 0.9],
			"to": [9, 3, 1.1],
			"rotation": {"angle": 0, "axis": "y", "origin": [0, -0.6, -4.6]},
			"faces": {
				"north": {"uv": [0, 0, 4, 4], "texture": "#0"},
				"east": {"uv": [0, 0, 4, 4], "texture": "#0"},
				"south": {"uv": [0, 0, 4, 4], "texture": "#0"},
				"west": {"uv": [0, 0, 4, 4], "texture": "#0"},
				"up": {"uv": [0, 0, 4, 4], "texture": "#0"},
				"down": {"uv": [0, 0, 4, 4], "texture": "#0"}
			}
		},
		{
			"from": [7, 1.3, 0.6],
			"to": [9, 3, 0.8],
			"rotation": {"angle": 0, "axis": "y", "origin": [0, -0.6, -4.6]},
			"faces": {
				"north": {"uv": [0, 0, 4, 4], "texture": "#0"},
				"east": {"uv": [0, 0, 4, 4], "texture": "#0"},
				"south": {"uv": [0, 0, 4, 4], "texture": "#0"},
				"west": {"uv": [0, 0, 4, 4], "texture": "#0"},
				"up": {"uv": [0, 0, 4, 4], "texture": "#0"},
				"down": {"uv": [0, 0, 4, 4], "texture": "#0"}
			}
		},
		{
			"from": [7, 1.3, 0.3],
			"to": [9, 3, 0.5],
			"rotation": {"angle": 0, "axis": "y", "origin": [0, -0.6, -4.6]},
			"faces": {
				"north": {"uv": [0, 0, 4, 4], "texture": "#0"},
				"east": {"uv": [0, 0, 4, 4], "texture": "#0"},
				"south": {"uv": [0, 0, 4, 4], "texture": "#0"},
				"west": {"uv": [0, 0, 4, 4], "texture": "#0"},
				"up": {"uv": [0, 0, 4, 4], "texture": "#0"},
				"down": {"uv": [0, 0, 4, 4], "texture": "#0"}
			}
		},
		{
			"from": [7, 2.5, -2.9],
			"to": [9, 3.5, 1.1],
			"rotation": {"angle": 0, "axis": "y", "origin": [0, -0.6, -4.6]},
			"faces": {
				"north": {"uv": [0, 0, 4, 4], "texture": "#0"},
				"east": {"uv": [0, 0, 4, 4], "texture": "#0"},
				"south": {"uv": [0, 0, 4, 4], "texture": "#0"},
				"west": {"uv": [0, 0, 4, 4], "texture": "#0"},
				"up": {"uv": [0, 0, 4, 4], "texture": "#0"},
				"down": {"uv": [0, 0, 4, 4], "texture": "#0"}
			}
		},
		{
			"from": [7, 1.15544, -0.05137],
			"to": [9, 2.15544, 0.94863],
			"rotation": {"angle": 22.5, "axis": "x", "origin": [8, 2.75544, 3.09863]},
			"faces": {
				"north": {"uv": [0, 0, 4, 4], "texture": "#0"},
				"east": {"uv": [0, 0, 4, 4], "texture": "#0"},
				"south": {"uv": [0, 0, 4, 4], "texture": "#0"},
				"west": {"uv": [0, 0, 4, 4], "texture": "#0"},
				"up": {"uv": [0, 0, 4, 4], "texture": "#0"},
				"down": {"uv": [0, 0, 4, 4], "texture": "#0"}
			}
		},
		{
			"from": [7, 1.3, 0],
			"to": [9, 3, 0.2],
			"rotation": {"angle": 0, "axis": "y", "origin": [0, -0.6, -4.6]},
			"faces": {
				"north": {"uv": [0, 0, 4, 4], "texture": "#0"},
				"east": {"uv": [0, 0, 4, 4], "texture": "#0"},
				"south": {"uv": [0, 0, 4, 4], "texture": "#0"},
				"west": {"uv": [0, 0, 4, 4], "texture": "#0"},
				"up": {"uv": [0, 0, 4, 4], "texture": "#0"},
				"down": {"uv": [0, 0, 4, 4], "texture": "#0"}
			}
		},
		{
			"from": [7, 1.3, -0.3],
			"to": [9, 3, -0.1],
			"rotation": {"angle": 0, "axis": "y", "origin": [0, -0.6, -4.6]},
			"faces": {
				"north": {"uv": [0, 0, 4, 4], "texture": "#0"},
				"east": {"uv": [0, 0, 4, 4], "texture": "#0"},
				"south": {"uv": [0, 0, 4, 4], "texture": "#0"},
				"west": {"uv": [0, 0, 4, 4], "texture": "#0"},
				"up": {"uv": [0, 0, 4, 4], "texture": "#0"},
				"down": {"uv": [0, 0, 4, 4], "texture": "#0"}
			}
		},
		{
			"from": [7, 1.3, -0.6],
			"to": [9, 3, -0.4],
			"rotation": {"angle": 0, "axis": "y", "origin": [0, -0.6, -4.6]},
			"faces": {
				"north": {"uv": [0, 0, 4, 4], "texture": "#0"},
				"east": {"uv": [0, 0, 4, 4], "texture": "#0"},
				"south": {"uv": [0, 0, 4, 4], "texture": "#0"},
				"west": {"uv": [0, 0, 4, 4], "texture": "#0"},
				"up": {"uv": [0, 0, 4, 4], "texture": "#0"},
				"down": {"uv": [0, 0, 4, 4], "texture": "#0"}
			}
		},
		{
			"from": [7, 1.3, -0.9],
			"to": [9, 3, -0.7],
			"rotation": {"angle": 0, "axis": "y", "origin": [0, -0.6, -4.6]},
			"faces": {
				"north": {"uv": [0, 0, 4, 4], "texture": "#0"},
				"east": {"uv": [0, 0, 4, 4], "texture": "#0"},
				"south": {"uv": [0, 0, 4, 4], "texture": "#0"},
				"west": {"uv": [0, 0, 4, 4], "texture": "#0"},
				"up": {"uv": [0, 0, 4, 4], "texture": "#0"},
				"down": {"uv": [0, 0, 4, 4], "texture": "#0"}
			}
		},
		{
			"from": [9, 2.8, 0.4],
			"to": [9.2, 3.1, 0.7],
			"rotation": {"angle": 0, "axis": "y", "origin": [0, -2, 0]},
			"faces": {
				"north": {"uv": [12, 0, 16, 4], "texture": "#0"},
				"east": {"uv": [8, 12, 12, 16], "texture": "#0"},
				"south": {"uv": [12, 0, 16, 4], "texture": "#0"},
				"west": {"uv": [12, 0, 16, 4], "texture": "#0"},
				"up": {"uv": [12, 0, 16, 4], "texture": "#0"},
				"down": {"uv": [12, 0, 16, 4], "texture": "#0"}
			}
		},
		{
			"from": [7, 1.3, -1.2],
			"to": [9, 3, -1],
			"rotation": {"angle": 0, "axis": "y", "origin": [0, -0.6, -4.6]},
			"faces": {
				"north": {"uv": [0, 0, 4, 4], "texture": "#0"},
				"east": {"uv": [0, 0, 4, 4], "texture": "#0"},
				"south": {"uv": [0, 0, 4, 4], "texture": "#0"},
				"west": {"uv": [0, 0, 4, 4], "texture": "#0"},
				"up": {"uv": [0, 0, 4, 4], "texture": "#0"},
				"down": {"uv": [0, 0, 4, 4], "texture": "#0"}
			}
		},
		{
			"from": [7, 1.3, -1.5],
			"to": [9, 3, -1.3],
			"rotation": {"angle": 0, "axis": "y", "origin": [0, -0.6, -4.6]},
			"faces": {
				"north": {"uv": [0, 0, 4, 4], "texture": "#0"},
				"east": {"uv": [0, 0, 4, 4], "texture": "#0"},
				"south": {"uv": [0, 0, 4, 4], "texture": "#0"},
				"west": {"uv": [0, 0, 4, 4], "texture": "#0"},
				"up": {"uv": [0, 0, 4, 4], "texture": "#0"},
				"down": {"uv": [0, 0, 4, 4], "texture": "#0"}
			}
		},
		{
			"from": [7, 1.3, -1.8],
			"to": [9, 3, -1.6],
			"rotation": {"angle": 0, "axis": "y", "origin": [0, -0.6, -4.6]},
			"faces": {
				"north": {"uv": [0, 0, 4, 4], "texture": "#0"},
				"east": {"uv": [0, 0, 4, 4], "texture": "#0"},
				"south": {"uv": [0, 0, 4, 4], "texture": "#0"},
				"west": {"uv": [0, 0, 4, 4], "texture": "#0"},
				"up": {"uv": [0, 0, 4, 4], "texture": "#0"},
				"down": {"uv": [0, 0, 4, 4], "texture": "#0"}
			}
		},
		{
			"from": [7, 1.3, -2.1],
			"to": [9, 3, -1.9],
			"rotation": {"angle": 0, "axis": "y", "origin": [0, -0.6, -4.6]},
			"faces": {
				"north": {"uv": [0, 0, 4, 4], "texture": "#0"},
				"east": {"uv": [0, 0, 4, 4], "texture": "#0"},
				"south": {"uv": [0, 0, 4, 4], "texture": "#0"},
				"west": {"uv": [0, 0, 4, 4], "texture": "#0"},
				"up": {"uv": [0, 0, 4, 4], "texture": "#0"},
				"down": {"uv": [0, 0, 4, 4], "texture": "#0"}
			}
		},
		{
			"from": [7, 1.3, -2.4],
			"to": [9, 3, -2.2],
			"rotation": {"angle": 0, "axis": "y", "origin": [0, -0.6, -4.6]},
			"faces": {
				"north": {"uv": [0, 0, 4, 4], "texture": "#0"},
				"east": {"uv": [0, 0, 4, 4], "texture": "#0"},
				"south": {"uv": [0, 0, 4, 4], "texture": "#0"},
				"west": {"uv": [0, 0, 4, 4], "texture": "#0"},
				"up": {"uv": [0, 0, 4, 4], "texture": "#0"},
				"down": {"uv": [0, 0, 4, 4], "texture": "#0"}
			}
		},
		{
			"from": [7, 1.3, -3.4],
			"to": [9, 3, -2.5],
			"rotation": {"angle": 0, "axis": "y", "origin": [0, -0.6, -4.6]},
			"faces": {
				"north": {"uv": [0, 0, 4, 4], "texture": "#0"},
				"east": {"uv": [0, 0, 4, 4], "texture": "#0"},
				"south": {"uv": [0, 0, 4, 4], "texture": "#0"},
				"west": {"uv": [0, 0, 4, 4], "texture": "#0"},
				"up": {"uv": [0, 0, 4, 4], "texture": "#0"},
				"down": {"uv": [0, 0, 4, 4], "texture": "#0"}
			}
		},
		{
			"from": [7, 1.01434, -4.13883],
			"to": [9, 2.91434, -3.63883],
			"rotation": {"angle": -22.5, "axis": "x", "origin": [8, 3.06434, -4.73883]},
			"faces": {
				"north": {"uv": [0, 0, 4, 4], "rotation": 180, "texture": "#0"},
				"east": {"uv": [0, 0, 4, 4], "rotation": 270, "texture": "#0"},
				"south": {"uv": [0, 0, 4, 4], "texture": "#0"},
				"west": {"uv": [0, 0, 4, 4], "rotation": 90, "texture": "#0"},
				"up": {"uv": [0, 0, 4, 4], "rotation": 180, "texture": "#0"},
				"down": {"uv": [0, 0, 4, 4], "texture": "#0"}
			}
		},
		{
			"from": [7, 2.9, -3.6],
			"to": [9, 3.5, 1.1],
			"rotation": {"angle": 0, "axis": "y", "origin": [0, -0.6, -4.6]},
			"faces": {
				"north": {"uv": [0, 0, 4, 4], "texture": "#0"},
				"east": {"uv": [0, 0, 4, 4], "texture": "#0"},
				"south": {"uv": [0, 0, 4, 4], "texture": "#0"},
				"west": {"uv": [0, 0, 4, 4], "texture": "#0"},
				"up": {"uv": [0, 0, 4, 4], "texture": "#0"},
				"down": {"uv": [0, 0, 4, 4], "texture": "#0"}
			}
		},
		{
			"from": [7, 3, -4.8],
			"to": [9, 3.5, -3.6],
			"rotation": {"angle": 0, "axis": "x", "origin": [8, 3.2, -3.65]},
			"faces": {
				"north": {"uv": [0, 0, 4, 4], "texture": "#0"},
				"east": {"uv": [0, 0, 4, 4], "texture": "#0"},
				"south": {"uv": [0, 0, 4, 4], "texture": "#0"},
				"west": {"uv": [0, 0, 4, 4], "texture": "#0"},
				"up": {"uv": [0, 0, 4, 4], "texture": "#0"},
				"down": {"uv": [0, 0, 4, 4], "texture": "#0"}
			}
		},
		{
			"from": [7, 3.00391, -4.71966],
			"to": [9, 3.50391, -2.81966],
			"rotation": {"angle": 22.5, "axis": "x", "origin": [8, 3.20391, -4.76966]},
			"faces": {
				"north": {"uv": [0, 0, 4, 4], "texture": "#0"},
				"east": {"uv": [0, 0, 4, 4], "texture": "#0"},
				"south": {"uv": [0, 0, 4, 4], "texture": "#0"},
				"west": {"uv": [0, 0, 4, 4], "texture": "#0"},
				"up": {"uv": [0, 0, 4, 4], "texture": "#0"},
				"down": {"uv": [0, 0, 4, 4], "texture": "#0"}
			}
		},
		{
			"from": [6.8, 2.8, 0.4],
			"to": [7, 3.1, 0.7],
			"rotation": {"angle": 0, "axis": "y", "origin": [0, -2, 0]},
			"faces": {
				"north": {"uv": [12, 0, 16, 4], "texture": "#0"},
				"east": {"uv": [12, 0, 16, 4], "texture": "#0"},
				"south": {"uv": [12, 0, 16, 4], "texture": "#0"},
				"west": {"uv": [8, 12, 12, 16], "texture": "#0"},
				"up": {"uv": [12, 0, 16, 4], "texture": "#0"},
				"down": {"uv": [12, 0, 16, 4], "texture": "#0"}
			}
		}
	],
	"display": {
		"thirdperson_righthand": {
			"translation": [0, 5, -2.5],
			"scale": [0.7, 0.7, 0.7]
		},
		"thirdperson_lefthand": {
			"scale": [0, 0, 0]
		},
		"firstperson_righthand": {
			"rotation": [-25, -18, -13],
			"translation": [10, 13, -5.5]
		},
		"firstperson_lefthand": {
			"scale": [0, 0, 0]
		},
		"ground": {
			"rotation": [0, 0, 90],
			"scale": [0, 0, 0]
		},
		"gui": {
			"rotation": [90, 45, -90],
			"translation": [3.5, 3.5, 0],
			"scale": [0.7, 0.7, 0.7]
		},
		"head": {
			"rotation": [0, 0, 90],
			"translation": [-5.5, -42, 0],
			"scale": [0.9, 0.9, 0.9]
		},
		"fixed": {
			"rotation": [0, -90, 0],
			"translation": [0.5, 6, 0]
		}
	},
	"groups": [
		{
			"name": "group",
			"origin": [7.9, 1.52995, 17.6703],
			"color": 0,
			"nbt": "{}",
			"children": [0, 1, 2, 3, 4, 5, 6, 7, 8, 9, 10, 11, 12, 13, 14, 15, 16, 17, 18, 19, 20, 21, 22, 23, 24, 25, 26, 27, 28]
		},
		{
			"name": "group",
			"origin": [8, 8, 8],
			"color": 0,
			"nbt": "{}",
			"children": [29, 30, 31, 32, 33, 34, 35, 36, 37, 38, 39, 40, 41, 42]
		},
		{
			"name": "group",
			"origin": [0, 0, 0],
			"color": 0,
			"nbt": "{}",
			"children": [43, 44, 45, 46, 47, 48, 49, 50, 51, 52, 53, 54, 55, 56, 57]
		},
		{
			"name": "group",
			"origin": [8, 8, 8],
			"color": 0,
			"nbt": "{}",
			"children": [58]
		},
		{
			"name": "group",
			"origin": [0, 0, 0],
			"color": 0,
			"nbt": "{}",
			"children": [59, 60, 61, 62]
		},
		{
			"name": "group",
			"origin": [0, -2, 0],
			"color": 0,
			"nbt": "{}",
			"children": [63, 64, 65, 66, 67, 68, 69, 70, 71, 72, 73, 74, 75, 76, 77, 78, 79, 80, 81, 82, 83, 84, 85, 86, 87, 88, 89, 90, 91, 92, 93, 94, 95, 96, 97, 98]
		}
	]
}