{
	"credit": "Made with Blockbench",
	"textures": {
		"0": "slot_4:item/grenade/0",
		"particle": "slot_4:item/grenade/0"
	},
	"elements": [
		{
			"from": [4, 0, 4],
			"to": [12, 7, 12],
			"faces": {
				"north": {"uv": [0, 5, 12, 16], "texture": "#0"},
				"east": {"uv": [0, 5, 12, 16], "texture": "#0"},
				"south": {"uv": [0, 5, 12, 16], "texture": "#0"},
				"west": {"uv": [0, 5, 12, 16], "texture": "#0"},
				"up": {"uv": [0, 5, 4, 9], "texture": "#0"},
				"down": {"uv": [0, 5, 4, 9], "texture": "#0"}
			}
		},
		{
			"from": [7, 7, 7],
			"to": [9, 8.8, 9],
			"faces": {
				"north": {"uv": [12, 0, 16, 3.8], "texture": "#0"},
				"east": {"uv": [12, 0, 16, 3.8], "texture": "#0"},
				"south": {"uv": [12, 0, 16, 3.8], "texture": "#0"},
				"west": {"uv": [12, 0, 16, 3.8], "texture": "#0"},
				"up": {"uv": [12, 0, 16, 3.8], "texture": "#0"},
				"down": {"uv": [12, 0, 16, 3.8], "texture": "#0"}
			}
		},
		{
			"from": [6.7, 8.8, 6.6],
			"to": [9.4, 10, 9.4],
			"faces": {
				"north": {"uv": [12, 0, 16, 3.8], "texture": "#0"},
				"east": {"uv": [12, 0, 16, 3.8], "texture": "#0"},
				"south": {"uv": [12, 0, 16, 3.8], "texture": "#0"},
				"west": {"uv": [12, 0, 16, 3.8], "texture": "#0"},
				"up": {"uv": [12, 0, 16, 3.8], "texture": "#0"},
				"down": {"uv": [12, 0, 16, 3.8], "texture": "#0"}
			}
		},
		{
			"from": [12.7, 15.2, 7.9],
			"to": [15.4, 15.4, 8.1],
			"rotation": {"angle": 0, "axis": "y", "origin": [5, 6, 0]},
			"faces": {
				"north": {"uv": [12, 8, 16, 11.8], "texture": "#0"},
				"east": {"uv": [12, 8, 16, 11.8], "texture": "#0"},
				"south": {"uv": [12, 8, 16, 11.8], "texture": "#0"},
				"west": {"uv": [12, 8, 16, 11.8], "texture": "#0"},
				"up": {"uv": [12, 8, 16, 11.8], "texture": "#0"},
				"down": {"uv": [12, 8, 16, 11.8], "texture": "#0"}
			}
		},
		{
			"from": [17.50259, 15.85964, 6.6],
			"to": [17.70259, 16.05964, 9.3],
			"rotation": {"angle": 45, "axis": "z", "origin": [17.30259, 12.95964, 9.25]},
			"faces": {
				"north": {"uv": [12, 8, 16, 11.8], "texture": "#0"},
				"east": {"uv": [12, 8, 16, 11.8], "texture": "#0"},
				"south": {"uv": [12, 8, 16, 11.8], "texture": "#0"},
				"west": {"uv": [12, 8, 16, 11.8], "texture": "#0"},
				"up": {"uv": [12, 8, 16, 11.8], "texture": "#0"},
				"down": {"uv": [12, 8, 16, 11.8], "texture": "#0"}
			}
		},
		{
			"from": [17.50259, 13.30964, 9.15],
			"to": [17.70259, 16.00964, 9.35],
			"rotation": {"angle": 45, "axis": "z", "origin": [17.30259, 12.95964, 9.25]},
			"faces": {
				"north": {"uv": [12, 8, 16, 11.8], "rotation": 90, "texture": "#0"},
				"east": {"uv": [12, 8, 16, 11.8], "rotation": 90, "texture": "#0"},
				"south": {"uv": [12, 8, 16, 11.8], "rotation": 90, "texture": "#0"},
				"west": {"uv": [12, 8, 16, 11.8], "rotation": 90, "texture": "#0"},
				"up": {"uv": [12, 8, 16, 11.8], "rotation": 90, "texture": "#0"},
				"down": {"uv": [12, 8, 16, 11.8], "rotation": 90, "texture": "#0"}
			}
		},
		{
			"from": [17.50259, 13.25964, 6.6],
			"to": [17.70259, 13.45964, 9.3],
			"rotation": {"angle": 45, "axis": "z", "origin": [17.30259, 12.95964, 9.25]},
			"faces": {
				"north": {"uv": [12, 8, 16, 11.8], "texture": "#0"},
				"east": {"uv": [12, 8, 16, 11.8], "texture": "#0"},
				"south": {"uv": [12, 8, 16, 11.8], "texture": "#0"},
				"west": {"uv": [12, 8, 16, 11.8], "texture": "#0"},
				"up": {"uv": [12, 8, 16, 11.8], "texture": "#0"},
				"down": {"uv": [12, 8, 16, 11.8], "texture": "#0"}
			}
		},
		{
			"from": [17.50259, 13.30964, 6.55],
			"to": [17.70259, 16.00964, 6.75],
			"rotation": {"angle": 45, "axis": "z", "origin": [17.30259, 12.95964, 9.25]},
			"faces": {
				"north": {"uv": [12, 8, 16, 11.8], "rotation": 90, "texture": "#0"},
				"east": {"uv": [12, 8, 16, 11.8], "rotation": 90, "texture": "#0"},
				"south": {"uv": [12, 8, 16, 11.8], "rotation": 90, "texture": "#0"},
				"west": {"uv": [12, 8, 16, 11.8], "rotation": 90, "texture": "#0"},
				"up": {"uv": [12, 8, 16, 11.8], "rotation": 90, "texture": "#0"},
				"down": {"uv": [12, 8, 16, 11.8], "rotation": 90, "texture": "#0"}
			}
		}
	],
	"display": {
		"thirdperson_righthand": {
			"scale": [0.3, 0.3, 0.3]
		},
		"thirdperson_lefthand": {
			"rotation": [-14, 0, 0],
			"translation": [0, 2, 0],
			"scale": [0.4, 0.4, 0.4]
		},
		"firstperson_righthand": {
			"rotation": [-14.5, 179, -36.5],
			"translation": [-4, 15, 0],
			"scale": [0.5, 0.5, 0.5]
		},
		"gui": {
			"translation": [0.25, 3.5, 0],
			"scale": [1.2, 1.2, 1.2]
		},
		"head": {
			"rotation": [90, 0, 0],
			"translation": [0, -42.5, 4.5]
		},
		"fixed": {
			"translation": [-0.5, 4, -3]
		}
	},
	"groups": [
		0,
		1,
		2,
		{
			"name": "group",
			"origin": [8, 8, 8],
			"color": 0,
			"nbt": "{}",
			"armAnimationEnabled": false,
			"children": [3, 4, 5, 6, 7]
		}
	]
}