{
	"credit": "Made with Blockbench",
	"texture_size": [32, 32],
	"textures": {
		"0": "minecraft:block/white_table",
		"particle": "minecraft:block/white_table"
	},
	"elements": [
		{
			"from": [6.5, 0, 6.5],
			"to": [9.5, 13, 9.5],
			"faces": {
				"north": {"uv": [8, 0, 16, 2], "texture": "#0"},
				"east": {"uv": [8, 2, 16, 4], "texture": "#0"},
				"south": {"uv": [8, 4, 16, 6], "texture": "#0"},
				"west": {"uv": [8, 6, 16, 8], "texture": "#0"},
				"up": {"uv": [8, 8, 0, 0], "texture": "#0"},
				"down": {"uv": [8, 8, 0, 16], "texture": "#0"}
			}
		},
		{
			"from": [0, 13, 0],
			"to": [16, 16, 16],
			"faces": {
				"north": {"uv": [8, 0, 16, 2], "texture": "#0"},
				"east": {"uv": [8, 2, 16, 4], "texture": "#0"},
				"south": {"uv": [8, 4, 16, 6], "texture": "#0"},
				"west": {"uv": [8, 6, 16, 8], "texture": "#0"},
				"up": {"uv": [8, 8, 0, 0], "texture": "#0"},
				"down": {"uv": [8, 8, 0, 16], "texture": "#0"}
			}
		}
	],
	"groups": [
		{
			"name": "group",
			"origin": [8, 8, 8],
			"color": 0,
			"children": [0, 1]
		}
	]
}