{
	"credit": "Made with Blockbench",
	"textures": {
		"0": "slot_1:item/p90/0",
		"particle": "slot_1:item/p90/0"
	},
	"elements": [
		{
			"from": [7, 2.43264, 4.26134],
			"to": [7.2, 5.63264, 5.36134],
			"rotation": {"angle": -22.5, "axis": "x", "origin": [8, 6.58264, 3.51134]},
			"faces": {
				"north": {"uv": [8, 0, 12, 4], "rotation": 90, "texture": "#0"},
				"east": {"uv": [8, 0, 12, 4], "rotation": 90, "texture": "#0"},
				"south": {"uv": [12, 4, 16, 8], "rotation": 90, "texture": "#0"},
				"west": {"uv": [8, 0, 12, 4], "rotation": 90, "texture": "#0"},
				"up": {"uv": [8, 0, 12, 4], "rotation": 90, "texture": "#0"},
				"down": {"uv": [8, 0, 12, 4], "rotation": 90, "texture": "#0"}
			}
		},
		{
			"from": [7.2, 5.03264, 4.26134],
			"to": [8.8, 5.63264, 5.36134],
			"rotation": {"angle": -22.5, "axis": "x", "origin": [8, 6.58264, 3.51134]},
			"faces": {
				"north": {"uv": [8, 0, 12, 4], "rotation": 90, "texture": "#0"},
				"east": {"uv": [8, 0, 12, 4], "rotation": 90, "texture": "#0"},
				"south": {"uv": [12, 4, 16, 8], "rotation": 90, "texture": "#0"},
				"west": {"uv": [8, 0, 12, 4], "rotation": 90, "texture": "#0"},
				"up": {"uv": [8, 0, 12, 4], "rotation": 90, "texture": "#0"},
				"down": {"uv": [8, 0, 12, 4], "rotation": 90, "texture": "#0"}
			}
		},
		{
			"from": [7.2, 5.81292, 1.48407],
			"to": [8.8, 6.31292, 5.58407],
			"rotation": {"angle": 0, "axis": "x", "origin": [8, 6.11292, 5.03407]},
			"faces": {
				"north": {"uv": [8, 0, 12, 4], "rotation": 90, "texture": "#0"},
				"east": {"uv": [8, 0, 12, 4], "rotation": 90, "texture": "#0"},
				"south": {"uv": [8, 0, 12, 4], "rotation": 90, "texture": "#0"},
				"west": {"uv": [8, 0, 12, 4], "rotation": 90, "texture": "#0"},
				"up": {"uv": [8, 0, 12, 4], "rotation": 90, "texture": "#0"},
				"down": {"uv": [8, 0, 12, 4], "rotation": 90, "texture": "#0"}
			}
		},
		{
			"from": [7.25, 6.31292, 1.48407],
			"to": [8.75, 6.41292, 5.58407],
			"rotation": {"angle": 0, "axis": "x", "origin": [8, 6.11292, 5.03407]},
			"faces": {
				"north": {"uv": [12, 4, 16, 8], "rotation": 90, "texture": "#0"},
				"east": {"uv": [12, 4, 16, 8], "rotation": 90, "texture": "#0"},
				"south": {"uv": [12, 4, 16, 8], "rotation": 90, "texture": "#0"},
				"west": {"uv": [12, 4, 16, 8], "rotation": 90, "texture": "#0"},
				"up": {"uv": [12, 4, 16, 8], "rotation": 90, "texture": "#0"},
				"down": {"uv": [12, 4, 16, 8], "rotation": 90, "texture": "#0"}
			}
		},
		{
			"from": [7.2, 4.80373, 0.0033],
			"to": [8.8, 5.37373, 0.6033],
			"rotation": {"angle": 45, "axis": "x", "origin": [8, 4.10373, 2.0033]},
			"faces": {
				"north": {"uv": [8, 0, 12, 4], "rotation": 90, "texture": "#0"},
				"east": {"uv": [8, 0, 12, 4], "rotation": 90, "texture": "#0"},
				"south": {"uv": [8, 0, 12, 4], "rotation": 90, "texture": "#0"},
				"west": {"uv": [8, 0, 12, 4], "rotation": 90, "texture": "#0"},
				"up": {"uv": [8, 0, 12, 4], "rotation": 90, "texture": "#0"},
				"down": {"uv": [8, 0, 12, 4], "rotation": 90, "texture": "#0"}
			}
		},
		{
			"from": [7.2, 4.21292, 1.08407],
			"to": [8.8, 6.01292, 2.08407],
			"rotation": {"angle": 0, "axis": "x", "origin": [8, 6.11292, 5.03407]},
			"faces": {
				"north": {"uv": [8, 0, 12, 4], "rotation": 90, "texture": "#0"},
				"east": {"uv": [8, 0, 12, 4], "rotation": 90, "texture": "#0"},
				"south": {"uv": [8, 0, 12, 4], "rotation": 90, "texture": "#0"},
				"west": {"uv": [8, 0, 12, 4], "rotation": 90, "texture": "#0"},
				"up": {"uv": [8, 0, 12, 4], "rotation": 90, "texture": "#0"},
				"down": {"uv": [8, 0, 12, 4], "rotation": 90, "texture": "#0"}
			}
		},
		{
			"from": [7.2, 3.91292, 1.08407],
			"to": [7.5, 4.21292, 2.08407],
			"rotation": {"angle": 0, "axis": "x", "origin": [8, 6.11292, 5.03407]},
			"faces": {
				"north": {"uv": [8, 0, 12, 4], "rotation": 90, "texture": "#0"},
				"east": {"uv": [8, 0, 12, 4], "rotation": 90, "texture": "#0"},
				"south": {"uv": [8, 0, 12, 4], "rotation": 90, "texture": "#0"},
				"west": {"uv": [8, 0, 12, 4], "rotation": 90, "texture": "#0"},
				"up": {"uv": [8, 0, 12, 4], "rotation": 90, "texture": "#0"},
				"down": {"uv": [8, 0, 12, 4], "rotation": 90, "texture": "#0"}
			}
		},
		{
			"from": [8.5, 3.91292, 1.08407],
			"to": [8.8, 4.21292, 2.08407],
			"rotation": {"angle": 0, "axis": "x", "origin": [8, 6.11292, 5.03407]},
			"faces": {
				"north": {"uv": [8, 0, 12, 4], "rotation": 90, "texture": "#0"},
				"east": {"uv": [8, 0, 12, 4], "rotation": 90, "texture": "#0"},
				"south": {"uv": [8, 0, 12, 4], "rotation": 90, "texture": "#0"},
				"west": {"uv": [8, 0, 12, 4], "rotation": 90, "texture": "#0"},
				"up": {"uv": [8, 0, 12, 4], "rotation": 90, "texture": "#0"},
				"down": {"uv": [8, 0, 12, 4], "rotation": 90, "texture": "#0"}
			}
		},
		{
			"from": [7.2, 5.13264, 3.76134],
			"to": [8.8, 5.63264, 4.26134],
			"rotation": {"angle": -22.5, "axis": "x", "origin": [8, 6.58264, 3.51134]},
			"faces": {
				"north": {"uv": [8, 0, 12, 4], "rotation": 90, "texture": "#0"},
				"east": {"uv": [8, 0, 12, 4], "rotation": 90, "texture": "#0"},
				"south": {"uv": [8, 0, 12, 4], "rotation": 90, "texture": "#0"},
				"west": {"uv": [8, 0, 12, 4], "rotation": 90, "texture": "#0"},
				"up": {"uv": [8, 0, 12, 4], "rotation": 90, "texture": "#0"},
				"down": {"uv": [8, 0, 12, 4], "rotation": 90, "texture": "#0"}
			}
		},
		{
			"from": [7.2, 5.23264, 3.26134],
			"to": [8.8, 5.93264, 3.76134],
			"rotation": {"angle": -22.5, "axis": "x", "origin": [8, 6.58264, 3.51134]},
			"faces": {
				"north": {"uv": [8, 0, 12, 4], "rotation": 90, "texture": "#0"},
				"east": {"uv": [8, 0, 12, 4], "rotation": 90, "texture": "#0"},
				"south": {"uv": [8, 0, 12, 4], "rotation": 90, "texture": "#0"},
				"west": {"uv": [8, 0, 12, 4], "rotation": 90, "texture": "#0"},
				"up": {"uv": [8, 0, 12, 4], "rotation": 90, "texture": "#0"},
				"down": {"uv": [8, 0, 12, 4], "rotation": 90, "texture": "#0"}
			}
		},
		{
			"from": [7.2, 5.33264, 2.76134],
			"to": [8.8, 6.13264, 3.26134],
			"rotation": {"angle": -22.5, "axis": "x", "origin": [8, 6.58264, 3.51134]},
			"faces": {
				"north": {"uv": [8, 0, 12, 4], "rotation": 90, "texture": "#0"},
				"east": {"uv": [8, 0, 12, 4], "rotation": 90, "texture": "#0"},
				"south": {"uv": [8, 0, 12, 4], "rotation": 90, "texture": "#0"},
				"west": {"uv": [8, 0, 12, 4], "rotation": 90, "texture": "#0"},
				"up": {"uv": [8, 0, 12, 4], "rotation": 90, "texture": "#0"},
				"down": {"uv": [8, 0, 12, 4], "rotation": 90, "texture": "#0"}
			}
		},
		{
			"from": [7.2, 5.43264, 2.26134],
			"to": [8.8, 6.13264, 2.76134],
			"rotation": {"angle": -22.5, "axis": "x", "origin": [8, 6.58264, 3.51134]},
			"faces": {
				"north": {"uv": [8, 0, 12, 4], "rotation": 90, "texture": "#0"},
				"east": {"uv": [8, 0, 12, 4], "rotation": 90, "texture": "#0"},
				"south": {"uv": [8, 0, 12, 4], "rotation": 90, "texture": "#0"},
				"west": {"uv": [8, 0, 12, 4], "rotation": 90, "texture": "#0"},
				"up": {"uv": [8, 0, 12, 4], "rotation": 90, "texture": "#0"},
				"down": {"uv": [8, 0, 12, 4], "rotation": 90, "texture": "#0"}
			}
		},
		{
			"from": [7.2, 5.04182, 2.09658],
			"to": [8.8, 5.84182, 2.79658],
			"rotation": {"angle": 0, "axis": "x", "origin": [8, 5.09182, 2.54658]},
			"faces": {
				"north": {"uv": [8, 0, 12, 4], "rotation": 90, "texture": "#0"},
				"east": {"uv": [8, 0, 12, 4], "rotation": 90, "texture": "#0"},
				"south": {"uv": [8, 0, 12, 4], "rotation": 90, "texture": "#0"},
				"west": {"uv": [8, 0, 12, 4], "rotation": 90, "texture": "#0"},
				"up": {"uv": [8, 0, 12, 4], "rotation": 90, "texture": "#0"},
				"down": {"uv": [8, 0, 12, 4], "rotation": 90, "texture": "#0"}
			}
		},
		{
			"from": [7.1, 5.44182, 2.49658],
			"to": [8.9, 6.04182, 2.69658],
			"rotation": {"angle": 0, "axis": "x", "origin": [8, 5.09182, 2.54658]},
			"faces": {
				"north": {"uv": [8, 4, 12, 8], "rotation": 90, "texture": "#0"},
				"east": {"uv": [8, 4, 12, 8], "rotation": 90, "texture": "#0"},
				"south": {"uv": [8, 4, 12, 8], "rotation": 90, "texture": "#0"},
				"west": {"uv": [8, 4, 12, 8], "rotation": 90, "texture": "#0"},
				"up": {"uv": [8, 4, 12, 8], "rotation": 90, "texture": "#0"},
				"down": {"uv": [8, 4, 12, 8], "rotation": 90, "texture": "#0"}
			}
		},
		{
			"from": [7.1, 5.44182, 2.89658],
			"to": [8.9, 6.04182, 3.09658],
			"rotation": {"angle": 0, "axis": "x", "origin": [8, 5.09182, 2.54658]},
			"faces": {
				"north": {"uv": [8, 4, 12, 8], "rotation": 90, "texture": "#0"},
				"east": {"uv": [8, 4, 12, 8], "rotation": 90, "texture": "#0"},
				"south": {"uv": [8, 4, 12, 8], "rotation": 90, "texture": "#0"},
				"west": {"uv": [8, 4, 12, 8], "rotation": 90, "texture": "#0"},
				"up": {"uv": [8, 4, 12, 8], "rotation": 90, "texture": "#0"},
				"down": {"uv": [8, 4, 12, 8], "rotation": 90, "texture": "#0"}
			}
		},
		{
			"from": [7.1, 5.44182, 3.69658],
			"to": [8.9, 6.04182, 3.89658],
			"rotation": {"angle": 0, "axis": "x", "origin": [8, 5.09182, 2.54658]},
			"faces": {
				"north": {"uv": [8, 4, 12, 8], "rotation": 90, "texture": "#0"},
				"east": {"uv": [8, 4, 12, 8], "rotation": 90, "texture": "#0"},
				"south": {"uv": [8, 4, 12, 8], "rotation": 90, "texture": "#0"},
				"west": {"uv": [8, 4, 12, 8], "rotation": 90, "texture": "#0"},
				"up": {"uv": [8, 4, 12, 8], "rotation": 90, "texture": "#0"},
				"down": {"uv": [8, 4, 12, 8], "rotation": 90, "texture": "#0"}
			}
		},
		{
			"from": [7.1, 5.44182, 4.09658],
			"to": [8.9, 6.04182, 4.29658],
			"rotation": {"angle": 0, "axis": "x", "origin": [8, 5.09182, 2.54658]},
			"faces": {
				"north": {"uv": [8, 4, 12, 8], "rotation": 90, "texture": "#0"},
				"east": {"uv": [8, 4, 12, 8], "rotation": 90, "texture": "#0"},
				"south": {"uv": [8, 4, 12, 8], "rotation": 90, "texture": "#0"},
				"west": {"uv": [8, 4, 12, 8], "rotation": 90, "texture": "#0"},
				"up": {"uv": [8, 4, 12, 8], "rotation": 90, "texture": "#0"},
				"down": {"uv": [8, 4, 12, 8], "rotation": 90, "texture": "#0"}
			}
		},
		{
			"from": [7.1, 5.44182, 3.29658],
			"to": [8.9, 6.04182, 3.49658],
			"rotation": {"angle": 0, "axis": "x", "origin": [8, 5.09182, 2.54658]},
			"faces": {
				"north": {"uv": [8, 4, 12, 8], "rotation": 90, "texture": "#0"},
				"east": {"uv": [8, 4, 12, 8], "rotation": 90, "texture": "#0"},
				"south": {"uv": [8, 4, 12, 8], "rotation": 90, "texture": "#0"},
				"west": {"uv": [8, 4, 12, 8], "rotation": 90, "texture": "#0"},
				"up": {"uv": [8, 4, 12, 8], "rotation": 90, "texture": "#0"},
				"down": {"uv": [8, 4, 12, 8], "rotation": 90, "texture": "#0"}
			}
		},
		{
			"from": [8.8, 2.43264, 4.26134],
			"to": [9, 5.63264, 5.36134],
			"rotation": {"angle": -22.5, "axis": "x", "origin": [8, 6.58264, 3.51134]},
			"faces": {
				"north": {"uv": [8, 0, 12, 4], "rotation": 90, "texture": "#0"},
				"east": {"uv": [8, 0, 12, 4], "rotation": 90, "texture": "#0"},
				"south": {"uv": [12, 4, 16, 8], "rotation": 90, "texture": "#0"},
				"west": {"uv": [8, 0, 12, 4], "rotation": 90, "texture": "#0"},
				"up": {"uv": [8, 0, 12, 4], "rotation": 90, "texture": "#0"},
				"down": {"uv": [8, 0, 12, 4], "rotation": 90, "texture": "#0"}
			}
		},
		{
			"from": [7.1, 3, 4.4],
			"to": [8.9, 4, 11],
			"rotation": {"angle": 0, "axis": "y", "origin": [0, 0, 2]},
			"faces": {
				"north": {"uv": [0, 4, 4, 8], "texture": "#0"},
				"east": {"uv": [0, 4, 4, 8], "texture": "#0"},
				"south": {"uv": [0, 4, 4, 8], "texture": "#0"},
				"west": {"uv": [0, 4, 4, 8], "texture": "#0"},
				"up": {"uv": [0, 4, 4, 8], "texture": "#0"},
				"down": {"uv": [0, 4, 4, 8], "texture": "#0"}
			}
		},
		{
			"from": [7.4, 3.3, 1.4],
			"to": [8.6, 4.2, 2.5],
			"rotation": {"angle": 0, "axis": "y", "origin": [0, 0, 2]},
			"faces": {
				"north": {"uv": [0, 4, 4, 8], "texture": "#0"},
				"east": {"uv": [0, 4, 4, 8], "texture": "#0"},
				"south": {"uv": [0, 4, 4, 8], "texture": "#0"},
				"west": {"uv": [0, 4, 4, 8], "texture": "#0"},
				"up": {"uv": [0, 4, 4, 8], "texture": "#0"},
				"down": {"uv": [0, 4, 4, 8], "texture": "#0"}
			}
		},
		{
			"from": [7.7, 3.4, -1.1],
			"to": [8.3, 4, 1.4],
			"rotation": {"angle": 0, "axis": "y", "origin": [0, 0, 2]},
			"faces": {
				"north": {"uv": [8, 8, 12, 12], "texture": "#0"},
				"east": {"uv": [8, 8, 9, 9], "texture": "#0"},
				"south": {"uv": [8, 8, 9, 9], "texture": "#0"},
				"west": {"uv": [8, 8, 9, 9], "texture": "#0"},
				"up": {"uv": [8, 8, 9, 9], "texture": "#0"},
				"down": {"uv": [8, 8, 9, 9], "texture": "#0"}
			}
		},
		{
			"from": [7.6, 3.3, 0.6],
			"to": [8.4, 4.1, 1.4],
			"rotation": {"angle": 0, "axis": "y", "origin": [0, 0, 2]},
			"faces": {
				"north": {"uv": [8, 4, 12, 8], "texture": "#0"},
				"east": {"uv": [8, 4, 12, 8], "texture": "#0"},
				"south": {"uv": [8, 4, 12, 8], "texture": "#0"},
				"west": {"uv": [8, 4, 12, 8], "texture": "#0"},
				"up": {"uv": [8, 4, 12, 8], "texture": "#0"},
				"down": {"uv": [8, 4, 12, 8], "texture": "#0"}
			}
		},
		{
			"from": [7.6, 3.3, 0.3],
			"to": [8.4, 4.1, 0.5],
			"rotation": {"angle": 0, "axis": "y", "origin": [0, 0, 2]},
			"faces": {
				"north": {"uv": [8, 4, 12, 8], "texture": "#0"},
				"east": {"uv": [8, 4, 12, 8], "texture": "#0"},
				"south": {"uv": [8, 4, 12, 8], "texture": "#0"},
				"west": {"uv": [8, 4, 12, 8], "texture": "#0"},
				"up": {"uv": [8, 4, 12, 8], "texture": "#0"},
				"down": {"uv": [8, 4, 12, 8], "texture": "#0"}
			}
		},
		{
			"from": [7.6, 3.3, -0.2],
			"to": [8.4, 4.1, 0],
			"rotation": {"angle": 0, "axis": "y", "origin": [0, 0, 2]},
			"faces": {
				"north": {"uv": [8, 4, 12, 8], "texture": "#0"},
				"east": {"uv": [8, 4, 12, 8], "texture": "#0"},
				"south": {"uv": [8, 4, 12, 8], "texture": "#0"},
				"west": {"uv": [8, 4, 12, 8], "texture": "#0"},
				"up": {"uv": [8, 4, 12, 8], "texture": "#0"},
				"down": {"uv": [8, 4, 12, 8], "texture": "#0"}
			}
		},
		{
			"from": [7.6, 3.3, -0.5],
			"to": [8.4, 4.1, -0.3],
			"rotation": {"angle": 0, "axis": "y", "origin": [0, 0, 2]},
			"faces": {
				"north": {"uv": [8, 4, 12, 8], "texture": "#0"},
				"east": {"uv": [8, 4, 12, 8], "texture": "#0"},
				"south": {"uv": [8, 4, 12, 8], "texture": "#0"},
				"west": {"uv": [8, 4, 12, 8], "texture": "#0"},
				"up": {"uv": [8, 4, 12, 8], "texture": "#0"},
				"down": {"uv": [8, 4, 12, 8], "texture": "#0"}
			}
		},
		{
			"from": [7.6, 3.3, -1],
			"to": [8.4, 4.1, -0.6],
			"rotation": {"angle": 0, "axis": "y", "origin": [0, 0, 2]},
			"faces": {
				"north": {"uv": [8, 4, 12, 8], "texture": "#0"},
				"east": {"uv": [8, 4, 12, 8], "texture": "#0"},
				"south": {"uv": [8, 4, 12, 8], "texture": "#0"},
				"west": {"uv": [8, 4, 12, 8], "texture": "#0"},
				"up": {"uv": [8, 4, 12, 8], "texture": "#0"},
				"down": {"uv": [8, 4, 12, 8], "texture": "#0"}
			}
		},
		{
			"from": [7.4, 3.3, 2.5],
			"to": [8.6, 4, 4.4],
			"rotation": {"angle": 0, "axis": "y", "origin": [0, 0, 2]},
			"faces": {
				"north": {"uv": [0, 4, 4, 8], "texture": "#0"},
				"east": {"uv": [0, 4, 4, 8], "texture": "#0"},
				"south": {"uv": [0, 4, 4, 8], "texture": "#0"},
				"west": {"uv": [0, 4, 4, 8], "texture": "#0"},
				"up": {"uv": [0, 4, 4, 8], "texture": "#0"},
				"down": {"uv": [0, 4, 4, 8], "texture": "#0"}
			}
		},
		{
			"from": [7, 3, 11.7],
			"to": [9, 5.2, 16.7],
			"rotation": {"angle": 0, "axis": "y", "origin": [0, 0, 2]},
			"faces": {
				"north": {"uv": [12, 0, 16, 4], "texture": "#0"},
				"east": {"uv": [12, 0, 16, 4], "texture": "#0"},
				"south": {"uv": [12, 0, 16, 4], "texture": "#0"},
				"west": {"uv": [12, 0, 16, 4], "texture": "#0"},
				"up": {"uv": [12, 0, 16, 4], "texture": "#0"},
				"down": {"uv": [12, 0, 16, 4], "texture": "#0"}
			}
		},
		{
			"from": [7, 3, 11],
			"to": [9, 4.9, 11.7],
			"rotation": {"angle": 0, "axis": "y", "origin": [0, 0, 2]},
			"faces": {
				"north": {"uv": [12, 0, 16, 4], "texture": "#0"},
				"east": {"uv": [12, 0, 16, 4], "texture": "#0"},
				"south": {"uv": [12, 0, 16, 4], "texture": "#0"},
				"west": {"uv": [12, 0, 16, 4], "texture": "#0"},
				"up": {"uv": [12, 0, 16, 4], "texture": "#0"},
				"down": {"uv": [12, 0, 16, 4], "texture": "#0"}
			}
		},
		{
			"from": [7, 4.71006, 11.35604],
			"to": [9, 5.11006, 12.10604],
			"rotation": {"angle": -22.5, "axis": "x", "origin": [8, 4.11006, 11.70604]},
			"faces": {
				"north": {"uv": [12, 0, 16, 4], "texture": "#0"},
				"east": {"uv": [12, 0, 16, 4], "texture": "#0"},
				"south": {"uv": [12, 0, 16, 4], "texture": "#0"},
				"west": {"uv": [12, 0, 16, 4], "texture": "#0"},
				"up": {"uv": [12, 0, 16, 4], "texture": "#0"},
				"down": {"uv": [12, 0, 16, 4], "texture": "#0"}
			}
		},
		{
			"from": [6.9, 5.2, 14.1],
			"to": [9.1, 5.3, 16.8],
			"rotation": {"angle": 0, "axis": "y", "origin": [0, 0, 2]},
			"faces": {
				"north": {"uv": [8, 12, 12, 16], "texture": "#0"},
				"east": {"uv": [8, 12, 12, 16], "texture": "#0"},
				"south": {"uv": [8, 12, 12, 16], "texture": "#0"},
				"west": {"uv": [8, 12, 12, 16], "texture": "#0"},
				"up": {"uv": [8, 12, 12, 16], "texture": "#0"},
				"down": {"uv": [8, 12, 12, 16], "texture": "#0"}
			}
		},
		{
			"from": [9, 5.36612, 14.75459],
			"to": [9.1, 5.46612, 15.05459],
			"rotation": {"angle": 45, "axis": "x", "origin": [9.05, 4.31612, 15.05459]},
			"faces": {
				"north": {"uv": [8, 4, 12, 8], "texture": "#0"},
				"east": {"uv": [8, 12, 12, 16], "texture": "#0"},
				"south": {"uv": [8, 12, 12, 16], "texture": "#0"},
				"west": {"uv": [8, 12, 12, 16], "texture": "#0"},
				"up": {"uv": [8, 4, 12, 8], "texture": "#0"},
				"down": {"uv": [8, 12, 12, 16], "texture": "#0"}
			}
		},
		{
			"from": [9, 5.26612, 14.65459],
			"to": [9.1, 5.36612, 15.15459],
			"rotation": {"angle": 45, "axis": "x", "origin": [9.05, 4.31612, 15.05459]},
			"faces": {
				"north": {"uv": [8, 4, 12, 8], "texture": "#0"},
				"east": {"uv": [8, 12, 12, 16], "texture": "#0"},
				"south": {"uv": [8, 12, 12, 16], "texture": "#0"},
				"west": {"uv": [8, 12, 12, 16], "texture": "#0"},
				"up": {"uv": [8, 4, 12, 8], "texture": "#0"},
				"down": {"uv": [8, 12, 12, 16], "texture": "#0"}
			}
		},
		{
			"from": [9, 5.16612, 14.55459],
			"to": [9.1, 5.26612, 15.25459],
			"rotation": {"angle": 45, "axis": "x", "origin": [9.05, 4.31612, 15.05459]},
			"faces": {
				"north": {"uv": [8, 4, 12, 8], "texture": "#0"},
				"east": {"uv": [8, 12, 12, 16], "texture": "#0"},
				"south": {"uv": [8, 12, 12, 16], "texture": "#0"},
				"west": {"uv": [8, 12, 12, 16], "texture": "#0"},
				"up": {"uv": [8, 4, 12, 8], "texture": "#0"},
				"down": {"uv": [8, 12, 12, 16], "texture": "#0"}
			}
		},
		{
			"from": [9, 5.06612, 14.45459],
			"to": [9.1, 5.16612, 15.35459],
			"rotation": {"angle": 45, "axis": "x", "origin": [9.05, 4.31612, 15.05459]},
			"faces": {
				"north": {"uv": [8, 4, 12, 8], "texture": "#0"},
				"east": {"uv": [8, 12, 12, 16], "texture": "#0"},
				"south": {"uv": [8, 12, 12, 16], "texture": "#0"},
				"west": {"uv": [8, 12, 12, 16], "texture": "#0"},
				"up": {"uv": [8, 4, 12, 8], "texture": "#0"},
				"down": {"uv": [8, 12, 12, 16], "texture": "#0"}
			}
		},
		{
			"from": [9, 4.86612, 14.25459],
			"to": [9.1, 4.96612, 15.55459],
			"rotation": {"angle": 45, "axis": "x", "origin": [9.05, 4.31612, 15.05459]},
			"faces": {
				"north": {"uv": [8, 4, 12, 8], "texture": "#0"},
				"east": {"uv": [8, 12, 12, 16], "texture": "#0"},
				"south": {"uv": [8, 12, 12, 16], "texture": "#0"},
				"west": {"uv": [8, 12, 12, 16], "texture": "#0"},
				"up": {"uv": [8, 4, 12, 8], "texture": "#0"},
				"down": {"uv": [8, 12, 12, 16], "texture": "#0"}
			}
		},
		{
			"from": [9, 4.76612, 14.15459],
			"to": [9.1, 4.86612, 15.65459],
			"rotation": {"angle": 45, "axis": "x", "origin": [9.05, 4.31612, 15.05459]},
			"faces": {
				"north": {"uv": [8, 4, 12, 8], "texture": "#0"},
				"east": {"uv": [8, 12, 12, 16], "texture": "#0"},
				"south": {"uv": [8, 12, 12, 16], "texture": "#0"},
				"west": {"uv": [8, 12, 12, 16], "texture": "#0"},
				"up": {"uv": [8, 4, 12, 8], "texture": "#0"},
				"down": {"uv": [8, 12, 12, 16], "texture": "#0"}
			}
		},
		{
			"from": [9, 4.96612, 14.35459],
			"to": [9.1, 5.06612, 15.45459],
			"rotation": {"angle": 45, "axis": "x", "origin": [9.05, 4.31612, 15.05459]},
			"faces": {
				"north": {"uv": [8, 4, 12, 8], "texture": "#0"},
				"east": {"uv": [8, 12, 12, 16], "texture": "#0"},
				"south": {"uv": [8, 12, 12, 16], "texture": "#0"},
				"west": {"uv": [8, 12, 12, 16], "texture": "#0"},
				"up": {"uv": [8, 4, 12, 8], "texture": "#0"},
				"down": {"uv": [8, 12, 12, 16], "texture": "#0"}
			}
		},
		{
			"from": [9, 4.66612, 14.05459],
			"to": [9.1, 4.76612, 15.75459],
			"rotation": {"angle": 45, "axis": "x", "origin": [9.05, 4.31612, 15.05459]},
			"faces": {
				"north": {"uv": [8, 4, 12, 8], "texture": "#0"},
				"east": {"uv": [8, 12, 12, 16], "texture": "#0"},
				"south": {"uv": [8, 12, 12, 16], "texture": "#0"},
				"west": {"uv": [8, 12, 12, 16], "texture": "#0"},
				"up": {"uv": [8, 4, 12, 8], "texture": "#0"},
				"down": {"uv": [8, 12, 12, 16], "texture": "#0"}
			}
		},
		{
			"from": [9, 4.46612, 13.85459],
			"to": [9.1, 4.56612, 15.95459],
			"rotation": {"angle": 45, "axis": "x", "origin": [9.05, 4.31612, 15.05459]},
			"faces": {
				"north": {"uv": [8, 4, 12, 8], "texture": "#0"},
				"east": {"uv": [8, 12, 12, 16], "texture": "#0"},
				"south": {"uv": [8, 12, 12, 16], "texture": "#0"},
				"west": {"uv": [8, 12, 12, 16], "texture": "#0"},
				"up": {"uv": [8, 4, 12, 8], "texture": "#0"},
				"down": {"uv": [8, 12, 12, 16], "texture": "#0"}
			}
		},
		{
			"from": [9, 4.56612, 13.95459],
			"to": [9.1, 4.66612, 15.85459],
			"rotation": {"angle": 45, "axis": "x", "origin": [9.05, 4.31612, 15.05459]},
			"faces": {
				"north": {"uv": [8, 4, 12, 8], "texture": "#0"},
				"east": {"uv": [8, 12, 12, 16], "texture": "#0"},
				"south": {"uv": [8, 12, 12, 16], "texture": "#0"},
				"west": {"uv": [8, 12, 12, 16], "texture": "#0"},
				"up": {"uv": [8, 4, 12, 8], "texture": "#0"},
				"down": {"uv": [8, 12, 12, 16], "texture": "#0"}
			}
		},
		{
			"from": [9, 4.36612, 13.75459],
			"to": [9.1, 4.46612, 16.05459],
			"rotation": {"angle": 45, "axis": "x", "origin": [9.05, 4.31612, 15.05459]},
			"faces": {
				"north": {"uv": [8, 4, 12, 8], "texture": "#0"},
				"east": {"uv": [8, 12, 12, 16], "texture": "#0"},
				"south": {"uv": [8, 12, 12, 16], "texture": "#0"},
				"west": {"uv": [8, 12, 12, 16], "texture": "#0"},
				"up": {"uv": [8, 4, 12, 8], "texture": "#0"},
				"down": {"uv": [8, 12, 12, 16], "texture": "#0"}
			}
		},
		{
			"from": [9, 4.26612, 13.65459],
			"to": [9.1, 4.36612, 16.15459],
			"rotation": {"angle": 45, "axis": "x", "origin": [9.05, 4.31612, 15.05459]},
			"faces": {
				"north": {"uv": [8, 4, 12, 8], "texture": "#0"},
				"east": {"uv": [8, 12, 12, 16], "texture": "#0"},
				"south": {"uv": [8, 12, 12, 16], "texture": "#0"},
				"west": {"uv": [8, 12, 12, 16], "texture": "#0"},
				"up": {"uv": [8, 4, 12, 8], "texture": "#0"},
				"down": {"uv": [8, 12, 12, 16], "texture": "#0"}
			}
		},
		{
			"from": [6.9, 4.26612, 13.65459],
			"to": [7, 4.36612, 16.15459],
			"rotation": {"angle": 45, "axis": "x", "origin": [6.95, 4.31612, 15.05459]},
			"faces": {
				"north": {"uv": [8, 4, 12, 8], "texture": "#0"},
				"east": {"uv": [8, 12, 12, 16], "texture": "#0"},
				"south": {"uv": [8, 12, 12, 16], "texture": "#0"},
				"west": {"uv": [8, 12, 12, 16], "texture": "#0"},
				"up": {"uv": [8, 4, 12, 8], "texture": "#0"},
				"down": {"uv": [8, 12, 12, 16], "texture": "#0"}
			}
		},
		{
			"from": [6.9, 4.36612, 13.75459],
			"to": [7, 4.46612, 16.05459],
			"rotation": {"angle": 45, "axis": "x", "origin": [6.95, 4.31612, 15.05459]},
			"faces": {
				"north": {"uv": [8, 4, 12, 8], "texture": "#0"},
				"east": {"uv": [8, 12, 12, 16], "texture": "#0"},
				"south": {"uv": [8, 12, 12, 16], "texture": "#0"},
				"west": {"uv": [8, 12, 12, 16], "texture": "#0"},
				"up": {"uv": [8, 4, 12, 8], "texture": "#0"},
				"down": {"uv": [8, 12, 12, 16], "texture": "#0"}
			}
		},
		{
			"from": [6.9, 4.46612, 13.85459],
			"to": [7, 4.56612, 15.95459],
			"rotation": {"angle": 45, "axis": "x", "origin": [6.95, 4.31612, 15.05459]},
			"faces": {
				"north": {"uv": [8, 4, 12, 8], "texture": "#0"},
				"east": {"uv": [8, 12, 12, 16], "texture": "#0"},
				"south": {"uv": [8, 12, 12, 16], "texture": "#0"},
				"west": {"uv": [8, 12, 12, 16], "texture": "#0"},
				"up": {"uv": [8, 4, 12, 8], "texture": "#0"},
				"down": {"uv": [8, 12, 12, 16], "texture": "#0"}
			}
		},
		{
			"from": [6.9, 4.56612, 13.95459],
			"to": [7, 4.66612, 15.85459],
			"rotation": {"angle": 45, "axis": "x", "origin": [6.95, 4.31612, 15.05459]},
			"faces": {
				"north": {"uv": [8, 4, 12, 8], "texture": "#0"},
				"east": {"uv": [8, 12, 12, 16], "texture": "#0"},
				"south": {"uv": [8, 12, 12, 16], "texture": "#0"},
				"west": {"uv": [8, 12, 12, 16], "texture": "#0"},
				"up": {"uv": [8, 4, 12, 8], "texture": "#0"},
				"down": {"uv": [8, 12, 12, 16], "texture": "#0"}
			}
		},
		{
			"from": [6.9, 4.66612, 14.05459],
			"to": [7, 4.76612, 15.75459],
			"rotation": {"angle": 45, "axis": "x", "origin": [6.95, 4.31612, 15.05459]},
			"faces": {
				"north": {"uv": [8, 4, 12, 8], "texture": "#0"},
				"east": {"uv": [8, 12, 12, 16], "texture": "#0"},
				"south": {"uv": [8, 12, 12, 16], "texture": "#0"},
				"west": {"uv": [8, 12, 12, 16], "texture": "#0"},
				"up": {"uv": [8, 4, 12, 8], "texture": "#0"},
				"down": {"uv": [8, 12, 12, 16], "texture": "#0"}
			}
		},
		{
			"from": [6.9, 4.76612, 14.15459],
			"to": [7, 4.86612, 15.65459],
			"rotation": {"angle": 45, "axis": "x", "origin": [6.95, 4.31612, 15.05459]},
			"faces": {
				"north": {"uv": [8, 4, 12, 8], "texture": "#0"},
				"east": {"uv": [8, 12, 12, 16], "texture": "#0"},
				"south": {"uv": [8, 12, 12, 16], "texture": "#0"},
				"west": {"uv": [8, 12, 12, 16], "texture": "#0"},
				"up": {"uv": [8, 4, 12, 8], "texture": "#0"},
				"down": {"uv": [8, 12, 12, 16], "texture": "#0"}
			}
		},
		{
			"from": [6.9, 4.86612, 14.25459],
			"to": [7, 4.96612, 15.55459],
			"rotation": {"angle": 45, "axis": "x", "origin": [6.95, 4.31612, 15.05459]},
			"faces": {
				"north": {"uv": [8, 4, 12, 8], "texture": "#0"},
				"east": {"uv": [8, 12, 12, 16], "texture": "#0"},
				"south": {"uv": [8, 12, 12, 16], "texture": "#0"},
				"west": {"uv": [8, 12, 12, 16], "texture": "#0"},
				"up": {"uv": [8, 4, 12, 8], "texture": "#0"},
				"down": {"uv": [8, 12, 12, 16], "texture": "#0"}
			}
		},
		{
			"from": [6.9, 4.96612, 14.35459],
			"to": [7, 5.06612, 15.45459],
			"rotation": {"angle": 45, "axis": "x", "origin": [6.95, 4.31612, 15.05459]},
			"faces": {
				"north": {"uv": [8, 4, 12, 8], "texture": "#0"},
				"east": {"uv": [8, 12, 12, 16], "texture": "#0"},
				"south": {"uv": [8, 12, 12, 16], "texture": "#0"},
				"west": {"uv": [8, 12, 12, 16], "texture": "#0"},
				"up": {"uv": [8, 4, 12, 8], "texture": "#0"},
				"down": {"uv": [8, 12, 12, 16], "texture": "#0"}
			}
		},
		{
			"from": [6.9, 5.06612, 14.45459],
			"to": [7, 5.16612, 15.35459],
			"rotation": {"angle": 45, "axis": "x", "origin": [6.95, 4.31612, 15.05459]},
			"faces": {
				"north": {"uv": [8, 4, 12, 8], "texture": "#0"},
				"east": {"uv": [8, 12, 12, 16], "texture": "#0"},
				"south": {"uv": [8, 12, 12, 16], "texture": "#0"},
				"west": {"uv": [8, 12, 12, 16], "texture": "#0"},
				"up": {"uv": [8, 4, 12, 8], "texture": "#0"},
				"down": {"uv": [8, 12, 12, 16], "texture": "#0"}
			}
		},
		{
			"from": [6.9, 5.36612, 14.75459],
			"to": [7, 5.46612, 15.05459],
			"rotation": {"angle": 45, "axis": "x", "origin": [6.95, 4.31612, 15.05459]},
			"faces": {
				"north": {"uv": [8, 4, 12, 8], "texture": "#0"},
				"east": {"uv": [8, 12, 12, 16], "texture": "#0"},
				"south": {"uv": [8, 12, 12, 16], "texture": "#0"},
				"west": {"uv": [8, 12, 12, 16], "texture": "#0"},
				"up": {"uv": [8, 4, 12, 8], "texture": "#0"},
				"down": {"uv": [8, 12, 12, 16], "texture": "#0"}
			}
		},
		{
			"from": [6.9, 5.16612, 14.55459],
			"to": [7, 5.26612, 15.25459],
			"rotation": {"angle": 45, "axis": "x", "origin": [6.95, 4.31612, 15.05459]},
			"faces": {
				"north": {"uv": [8, 4, 12, 8], "texture": "#0"},
				"east": {"uv": [8, 12, 12, 16], "texture": "#0"},
				"south": {"uv": [8, 12, 12, 16], "texture": "#0"},
				"west": {"uv": [8, 12, 12, 16], "texture": "#0"},
				"up": {"uv": [8, 4, 12, 8], "texture": "#0"},
				"down": {"uv": [8, 12, 12, 16], "texture": "#0"}
			}
		},
		{
			"from": [6.9, 5.26612, 14.65459],
			"to": [7, 5.36612, 15.15459],
			"rotation": {"angle": 45, "axis": "x", "origin": [6.95, 4.31612, 15.05459]},
			"faces": {
				"north": {"uv": [8, 4, 12, 8], "texture": "#0"},
				"east": {"uv": [8, 12, 12, 16], "texture": "#0"},
				"south": {"uv": [8, 12, 12, 16], "texture": "#0"},
				"west": {"uv": [8, 12, 12, 16], "texture": "#0"},
				"up": {"uv": [8, 4, 12, 8], "texture": "#0"},
				"down": {"uv": [8, 12, 12, 16], "texture": "#0"}
			}
		},
		{
			"from": [6.9, 3.50294, 15.79706],
			"to": [7, 5.20294, 16.69706],
			"rotation": {"angle": 0, "axis": "x", "origin": [6.95, 3.55294, 16.99706]},
			"faces": {
				"north": {"uv": [8, 12, 12, 16], "texture": "#0"},
				"east": {"uv": [8, 12, 12, 16], "texture": "#0"},
				"south": {"uv": [8, 12, 12, 16], "texture": "#0"},
				"west": {"uv": [8, 12, 12, 16], "texture": "#0"},
				"up": {"uv": [8, 12, 12, 16], "texture": "#0"},
				"down": {"uv": [8, 12, 12, 16], "texture": "#0"}
			}
		},
		{
			"from": [9, 3.50294, 15.79706],
			"to": [9.1, 5.20294, 16.69706],
			"rotation": {"angle": 0, "axis": "x", "origin": [9.05, 3.55294, 16.99706]},
			"faces": {
				"north": {"uv": [8, 12, 12, 16], "texture": "#0"},
				"east": {"uv": [8, 12, 12, 16], "texture": "#0"},
				"south": {"uv": [8, 12, 12, 16], "texture": "#0"},
				"west": {"uv": [8, 12, 12, 16], "texture": "#0"},
				"up": {"uv": [8, 12, 12, 16], "texture": "#0"},
				"down": {"uv": [8, 12, 12, 16], "texture": "#0"}
			}
		},
		{
			"from": [6.9, 3.5, 16.7],
			"to": [9.1, 5.2, 16.8],
			"rotation": {"angle": 0, "axis": "x", "origin": [8, 3.85, 16.75]},
			"faces": {
				"north": {"uv": [8, 12, 12, 16], "rotation": 180, "texture": "#0"},
				"east": {"uv": [8, 12, 12, 16], "rotation": 180, "texture": "#0"},
				"south": {"uv": [8, 12, 12, 16], "rotation": 180, "texture": "#0"},
				"west": {"uv": [8, 12, 12, 16], "rotation": 180, "texture": "#0"},
				"up": {"uv": [8, 12, 12, 16], "rotation": 180, "texture": "#0"},
				"down": {"uv": [8, 12, 12, 16], "rotation": 180, "texture": "#0"}
			}
		},
		{
			"from": [7.4, 0.9, 9.6],
			"to": [8.6, 3, 11.7],
			"rotation": {"angle": 0, "axis": "y", "origin": [0, 0, 2]},
			"faces": {
				"north": {"uv": [12, 8, 16, 12], "texture": "#0"},
				"east": {"uv": [12, 8, 16, 12], "texture": "#0"},
				"south": {"uv": [12, 8, 16, 12], "texture": "#0"},
				"west": {"uv": [12, 8, 16, 12], "texture": "#0"},
				"up": {"uv": [12, 8, 16, 12], "texture": "#0"},
				"down": {"uv": [12, 8, 16, 12], "texture": "#0"}
			}
		},
		{
			"from": [7.4, 2.12475, 9.39964],
			"to": [8.6, 3.12475, 9.99964],
			"rotation": {"angle": -22.5, "axis": "x", "origin": [8, 2.77475, 9.69964]},
			"faces": {
				"north": {"uv": [12, 8, 16, 12], "texture": "#0"},
				"east": {"uv": [12, 8, 16, 12], "texture": "#0"},
				"south": {"uv": [12, 8, 16, 12], "texture": "#0"},
				"west": {"uv": [12, 8, 16, 12], "texture": "#0"},
				"up": {"uv": [12, 8, 16, 12], "texture": "#0"},
				"down": {"uv": [12, 8, 16, 12], "texture": "#0"}
			}
		},
		{
			"from": [7.4, 3.47832, 10.36756],
			"to": [8.6, 3.87832, 10.96756],
			"rotation": {"angle": -45, "axis": "x", "origin": [8, 1.92832, 10.81756]},
			"faces": {
				"north": {"uv": [12, 8, 16, 12], "texture": "#0"},
				"east": {"uv": [12, 8, 16, 12], "texture": "#0"},
				"south": {"uv": [12, 8, 16, 12], "texture": "#0"},
				"west": {"uv": [12, 8, 16, 12], "texture": "#0"},
				"up": {"uv": [12, 8, 16, 12], "texture": "#0"},
				"down": {"uv": [12, 8, 16, 12], "texture": "#0"}
			}
		},
		{
			"from": [7.4, 2.65768, 3.66061],
			"to": [8.6, 2.85768, 3.96061],
			"rotation": {"angle": 22.5, "axis": "x", "origin": [8, 2.80768, 3.81061]},
			"faces": {
				"north": {"uv": [12, 8, 16, 12], "rotation": 270, "texture": "#0"},
				"east": {"uv": [12, 8, 16, 12], "rotation": 270, "texture": "#0"},
				"south": {"uv": [12, 8, 16, 12], "rotation": 270, "texture": "#0"},
				"west": {"uv": [12, 8, 16, 12], "rotation": 270, "texture": "#0"},
				"up": {"uv": [12, 8, 16, 12], "rotation": 270, "texture": "#0"},
				"down": {"uv": [12, 8, 16, 12], "rotation": 270, "texture": "#0"}
			}
		},
		{
			"from": [7.4, 3.64145, 3.72837],
			"to": [8.6, 3.74145, 4.02837],
			"rotation": {"angle": 45, "axis": "x", "origin": [8, 3.29145, 2.97837]},
			"faces": {
				"north": {"uv": [12, 8, 16, 12], "rotation": 270, "texture": "#0"},
				"east": {"uv": [12, 8, 16, 12], "rotation": 270, "texture": "#0"},
				"south": {"uv": [12, 8, 16, 12], "rotation": 270, "texture": "#0"},
				"west": {"uv": [12, 8, 16, 12], "rotation": 270, "texture": "#0"},
				"up": {"uv": [12, 8, 16, 12], "rotation": 270, "texture": "#0"},
				"down": {"uv": [12, 8, 16, 12], "rotation": 270, "texture": "#0"}
			}
		},
		{
			"from": [7.4, 2.8635, 4],
			"to": [8.6, 3.1635, 4.2],
			"rotation": {"angle": -22.5, "axis": "x", "origin": [8, 2.96346, 4.01026]},
			"faces": {
				"north": {"uv": [12, 8, 16, 12], "texture": "#0"},
				"east": {"uv": [12, 8, 16, 12], "texture": "#0"},
				"south": {"uv": [12, 8, 16, 12], "texture": "#0"},
				"west": {"uv": [12, 8, 16, 12], "texture": "#0"},
				"up": {"uv": [12, 8, 16, 12], "texture": "#0"},
				"down": {"uv": [12, 8, 16, 12], "texture": "#0"}
			}
		},
		{
			"from": [7.4, 1.53398, 9.42639],
			"to": [8.6, 2.13398, 9.82639],
			"rotation": {"angle": 22.5, "axis": "x", "origin": [8, 1.63398, 9.42639]},
			"faces": {
				"north": {"uv": [12, 8, 16, 12], "texture": "#0"},
				"east": {"uv": [12, 8, 16, 12], "texture": "#0"},
				"south": {"uv": [12, 8, 16, 12], "texture": "#0"},
				"west": {"uv": [12, 8, 16, 12], "texture": "#0"},
				"up": {"uv": [12, 8, 16, 12], "texture": "#0"},
				"down": {"uv": [12, 8, 16, 12], "texture": "#0"}
			}
		},
		{
			"from": [7.4, 0.28656, 10.05233],
			"to": [8.6, 0.98656, 10.45233],
			"rotation": {"angle": 45, "axis": "x", "origin": [8, 2.03656, 10.80233]},
			"faces": {
				"north": {"uv": [12, 8, 16, 12], "texture": "#0"},
				"east": {"uv": [12, 8, 16, 12], "texture": "#0"},
				"south": {"uv": [12, 8, 16, 12], "texture": "#0"},
				"west": {"uv": [12, 8, 16, 12], "texture": "#0"},
				"up": {"uv": [12, 8, 16, 12], "texture": "#0"},
				"down": {"uv": [12, 8, 16, 12], "texture": "#0"}
			}
		},
		{
			"from": [7.4, 0.11983, 7.57508],
			"to": [8.6, 1.01983, 9.57508],
			"rotation": {"angle": 0, "axis": "x", "origin": [8, 0.46983, 8.42508]},
			"faces": {
				"north": {"uv": [12, 8, 16, 12], "texture": "#0"},
				"east": {"uv": [12, 8, 16, 12], "texture": "#0"},
				"south": {"uv": [12, 8, 16, 12], "texture": "#0"},
				"west": {"uv": [12, 8, 16, 12], "texture": "#0"},
				"up": {"uv": [12, 8, 16, 12], "texture": "#0"},
				"down": {"uv": [12, 8, 16, 12], "texture": "#0"}
			}
		},
		{
			"from": [7.4, 0.58676, 9.42252],
			"to": [8.6, 1.38676, 11.72252],
			"rotation": {"angle": -22.5, "axis": "x", "origin": [8, 0.63676, 10.67252]},
			"faces": {
				"north": {"uv": [12, 8, 16, 12], "texture": "#0"},
				"east": {"uv": [12, 8, 16, 12], "texture": "#0"},
				"south": {"uv": [12, 8, 16, 12], "texture": "#0"},
				"west": {"uv": [12, 8, 16, 12], "texture": "#0"},
				"up": {"uv": [12, 8, 16, 12], "texture": "#0"},
				"down": {"uv": [12, 8, 16, 12], "texture": "#0"}
			}
		},
		{
			"from": [7.4, 0.97218, 7.99437],
			"to": [8.6, 1.37218, 9.79437],
			"rotation": {"angle": 0, "axis": "x", "origin": [8, 0.97218, 8.64437]},
			"faces": {
				"north": {"uv": [12, 8, 16, 12], "rotation": 90, "texture": "#0"},
				"east": {"uv": [12, 8, 16, 12], "rotation": 90, "texture": "#0"},
				"south": {"uv": [12, 8, 16, 12], "rotation": 90, "texture": "#0"},
				"west": {"uv": [12, 8, 16, 12], "rotation": 90, "texture": "#0"},
				"up": {"uv": [12, 8, 16, 12], "rotation": 90, "texture": "#0"},
				"down": {"uv": [12, 8, 16, 12], "rotation": 90, "texture": "#0"}
			}
		},
		{
			"from": [7.4, 1.04914, 6.71022],
			"to": [8.6, 1.44914, 8.41022],
			"rotation": {"angle": 22.5, "axis": "x", "origin": [8, 0.94914, 8.31022]},
			"faces": {
				"north": {"uv": [12, 8, 16, 12], "rotation": 90, "texture": "#0"},
				"east": {"uv": [12, 8, 16, 12], "rotation": 90, "texture": "#0"},
				"south": {"uv": [12, 8, 16, 12], "rotation": 90, "texture": "#0"},
				"west": {"uv": [12, 8, 16, 12], "rotation": 90, "texture": "#0"},
				"up": {"uv": [12, 8, 16, 12], "rotation": 90, "texture": "#0"},
				"down": {"uv": [12, 8, 16, 12], "rotation": 90, "texture": "#0"}
			}
		},
		{
			"from": [7.4, 0.46445, 6.34254],
			"to": [8.6, 1.86445, 7.84254],
			"rotation": {"angle": 22.5, "axis": "x", "origin": [8, 0.86445, 6.84254]},
			"faces": {
				"north": {"uv": [12, 8, 16, 12], "texture": "#0"},
				"east": {"uv": [12, 8, 16, 12], "texture": "#0"},
				"south": {"uv": [12, 8, 16, 12], "texture": "#0"},
				"west": {"uv": [12, 8, 16, 12], "texture": "#0"},
				"up": {"uv": [12, 8, 16, 12], "texture": "#0"},
				"down": {"uv": [12, 8, 16, 12], "texture": "#0"}
			}
		},
		{
			"from": [7.2, 1.5, 5.4],
			"to": [8.8, 3.1, 6.2],
			"rotation": {"angle": 0, "axis": "y", "origin": [0, 0, 2]},
			"faces": {
				"north": {"uv": [12, 8, 16, 12], "texture": "#0"},
				"east": {"uv": [12, 8, 16, 12], "texture": "#0"},
				"south": {"uv": [12, 8, 16, 12], "texture": "#0"},
				"west": {"uv": [12, 8, 16, 12], "texture": "#0"},
				"up": {"uv": [12, 8, 16, 12], "texture": "#0"},
				"down": {"uv": [12, 8, 16, 12], "texture": "#0"}
			}
		},
		{
			"from": [7.4, 1.00451, 5.33926],
			"to": [8.6, 2.40451, 6.93926],
			"rotation": {"angle": 45, "axis": "x", "origin": [8, 1.65451, 6.18926]},
			"faces": {
				"north": {"uv": [12, 8, 16, 12], "texture": "#0"},
				"east": {"uv": [12, 8, 16, 12], "texture": "#0"},
				"south": {"uv": [12, 8, 16, 12], "texture": "#0"},
				"west": {"uv": [12, 8, 16, 12], "texture": "#0"},
				"up": {"uv": [12, 8, 16, 12], "texture": "#0"},
				"down": {"uv": [12, 8, 16, 12], "texture": "#0"}
			}
		},
		{
			"from": [7.4, 1.95135, 5.84141],
			"to": [8.6, 3.05135, 7.04141],
			"rotation": {"angle": 0, "axis": "x", "origin": [8, 2.10135, 6.44141]},
			"faces": {
				"north": {"uv": [12, 8, 16, 12], "rotation": 180, "texture": "#0"},
				"east": {"uv": [12, 8, 16, 12], "rotation": 180, "texture": "#0"},
				"south": {"uv": [12, 8, 16, 12], "rotation": 180, "texture": "#0"},
				"west": {"uv": [12, 8, 16, 12], "rotation": 180, "texture": "#0"},
				"up": {"uv": [12, 8, 16, 12], "rotation": 180, "texture": "#0"},
				"down": {"uv": [12, 8, 16, 12], "rotation": 180, "texture": "#0"}
			}
		},
		{
			"from": [7.4, 2.216, 6.2025],
			"to": [8.6, 2.616, 7.8025],
			"rotation": {"angle": 45, "axis": "x", "origin": [8, 2.216, 6.4525]},
			"faces": {
				"north": {"uv": [12, 8, 16, 12], "rotation": 90, "texture": "#0"},
				"east": {"uv": [12, 8, 16, 12], "rotation": 90, "texture": "#0"},
				"south": {"uv": [12, 8, 16, 12], "rotation": 90, "texture": "#0"},
				"west": {"uv": [12, 8, 16, 12], "rotation": 90, "texture": "#0"},
				"up": {"uv": [12, 8, 16, 12], "rotation": 90, "texture": "#0"},
				"down": {"uv": [12, 8, 16, 12], "rotation": 90, "texture": "#0"}
			}
		},
		{
			"from": [7.4, 2.9342, 6.65856],
			"to": [8.6, 3.8342, 7.05856],
			"rotation": {"angle": 45, "axis": "x", "origin": [8, 2.8342, 6.55856]},
			"faces": {
				"north": {"uv": [12, 8, 16, 12], "rotation": 180, "texture": "#0"},
				"east": {"uv": [12, 8, 16, 12], "rotation": 180, "texture": "#0"},
				"south": {"uv": [12, 8, 16, 12], "rotation": 180, "texture": "#0"},
				"west": {"uv": [12, 8, 16, 12], "rotation": 180, "texture": "#0"},
				"up": {"uv": [12, 8, 16, 12], "rotation": 180, "texture": "#0"},
				"down": {"uv": [12, 8, 16, 12], "rotation": 180, "texture": "#0"}
			}
		},
		{
			"from": [7.4, 2.95092, 7.29582],
			"to": [8.6, 3.35092, 7.89582],
			"rotation": {"angle": -22.5, "axis": "x", "origin": [8, 2.75092, 7.54582]},
			"faces": {
				"north": {"uv": [12, 8, 16, 12], "rotation": 270, "texture": "#0"},
				"east": {"uv": [12, 8, 16, 12], "rotation": 270, "texture": "#0"},
				"south": {"uv": [12, 8, 16, 12], "rotation": 270, "texture": "#0"},
				"west": {"uv": [12, 8, 16, 12], "rotation": 270, "texture": "#0"},
				"up": {"uv": [12, 8, 16, 12], "rotation": 270, "texture": "#0"},
				"down": {"uv": [12, 8, 16, 12], "rotation": 270, "texture": "#0"}
			}
		},
		{
			"from": [7.2, 2.88909, 5.72168],
			"to": [8.8, 3.28909, 6.02168],
			"rotation": {"angle": -45, "axis": "x", "origin": [8.05, 2.28909, 5.82168]},
			"faces": {
				"north": {"uv": [12, 8, 16, 12], "texture": "#0"},
				"east": {"uv": [12, 8, 16, 12], "texture": "#0"},
				"south": {"uv": [12, 8, 16, 12], "texture": "#0"},
				"west": {"uv": [12, 8, 16, 12], "texture": "#0"},
				"up": {"uv": [12, 8, 16, 12], "texture": "#0"},
				"down": {"uv": [12, 8, 16, 12], "texture": "#0"}
			}
		},
		{
			"from": [7.7, 2.98909, 5.22168],
			"to": [8.3, 3.58909, 5.82168],
			"rotation": {"angle": -45, "axis": "x", "origin": [8.05, 2.28909, 5.52168]},
			"faces": {
				"north": {"uv": [12, 0, 16, 4], "texture": "#0"},
				"east": {"uv": [12, 0, 16, 4], "texture": "#0"},
				"south": {"uv": [12, 0, 16, 4], "texture": "#0"},
				"west": {"uv": [12, 0, 16, 4], "texture": "#0"},
				"up": {"uv": [12, 0, 16, 4], "texture": "#0"},
				"down": {"uv": [12, 0, 16, 4], "texture": "#0"}
			}
		},
		{
			"from": [7.7, 2.38598, 4.73827],
			"to": [8.3, 2.78598, 5.63827],
			"rotation": {"angle": -22.5, "axis": "x", "origin": [8, 2.58598, 4.88827]},
			"faces": {
				"north": {"uv": [12, 0, 16, 4], "texture": "#0"},
				"east": {"uv": [12, 0, 16, 4], "texture": "#0"},
				"south": {"uv": [12, 0, 16, 4], "texture": "#0"},
				"west": {"uv": [12, 0, 16, 4], "texture": "#0"},
				"up": {"uv": [12, 0, 16, 4], "texture": "#0"},
				"down": {"uv": [12, 0, 16, 4], "texture": "#0"}
			}
		},
		{
			"from": [7.7, 1.7438, 4.82622],
			"to": [8.3, 2.6438, 5.62622],
			"rotation": {"angle": 0, "axis": "x", "origin": [8, 2.1438, 4.97622]},
			"faces": {
				"north": {"uv": [12, 0, 16, 4], "texture": "#0"},
				"east": {"uv": [12, 0, 16, 4], "texture": "#0"},
				"south": {"uv": [12, 0, 16, 4], "texture": "#0"},
				"west": {"uv": [12, 0, 16, 4], "texture": "#0"},
				"up": {"uv": [12, 0, 16, 4], "texture": "#0"},
				"down": {"uv": [12, 0, 16, 4], "texture": "#0"}
			}
		},
		{
			"from": [7.4, 2.93465, 2.71487],
			"to": [8.6, 3.33465, 5.11487],
			"rotation": {"angle": 0, "axis": "x", "origin": [8, 0.18465, 4.36487]},
			"faces": {
				"north": {"uv": [12, 8, 16, 12], "rotation": 270, "texture": "#0"},
				"east": {"uv": [12, 8, 16, 12], "rotation": 270, "texture": "#0"},
				"south": {"uv": [12, 8, 16, 12], "rotation": 270, "texture": "#0"},
				"west": {"uv": [12, 8, 16, 12], "rotation": 270, "texture": "#0"},
				"up": {"uv": [12, 8, 16, 12], "rotation": 270, "texture": "#0"},
				"down": {"uv": [12, 8, 16, 12], "rotation": 270, "texture": "#0"}
			}
		},
		{
			"from": [7.39, 3.03465, 2.71487],
			"to": [7.4, 3.33465, 5.11487],
			"rotation": {"angle": 0, "axis": "x", "origin": [8, 0.18465, 4.36487]},
			"faces": {
				"north": {"uv": [8, 4, 12, 8], "rotation": 270, "texture": "#0"},
				"east": {"uv": [8, 4, 12, 8], "rotation": 270, "texture": "#0"},
				"south": {"uv": [8, 4, 12, 8], "rotation": 270, "texture": "#0"},
				"west": {"uv": [8, 4, 12, 8], "rotation": 270, "texture": "#0"},
				"up": {"uv": [8, 4, 12, 8], "rotation": 270, "texture": "#0"},
				"down": {"uv": [8, 4, 12, 8], "rotation": 270, "texture": "#0"}
			}
		},
		{
			"from": [7.2, 2.88543, 4.86045],
			"to": [8.8, 3.08543, 5.16045],
			"rotation": {"angle": 22.5, "axis": "x", "origin": [8.05, 2.98543, 5.06045]},
			"faces": {
				"north": {"uv": [12, 8, 16, 12], "rotation": 270, "texture": "#0"},
				"east": {"uv": [12, 8, 16, 12], "rotation": 270, "texture": "#0"},
				"south": {"uv": [12, 8, 16, 12], "rotation": 270, "texture": "#0"},
				"west": {"uv": [12, 8, 16, 12], "rotation": 270, "texture": "#0"},
				"up": {"uv": [12, 8, 16, 12], "rotation": 270, "texture": "#0"},
				"down": {"uv": [12, 8, 16, 12], "rotation": 270, "texture": "#0"}
			}
		},
		{
			"from": [7.2, 2.48091, 5.31909],
			"to": [8.8, 2.78091, 5.51909],
			"rotation": {"angle": -22.5, "axis": "x", "origin": [8.05, 2.68091, 5.41909]},
			"faces": {
				"north": {"uv": [12, 8, 16, 12], "texture": "#0"},
				"east": {"uv": [12, 8, 16, 12], "texture": "#0"},
				"south": {"uv": [12, 8, 16, 12], "texture": "#0"},
				"west": {"uv": [12, 8, 16, 12], "texture": "#0"},
				"up": {"uv": [12, 8, 16, 12], "texture": "#0"},
				"down": {"uv": [12, 8, 16, 12], "texture": "#0"}
			}
		},
		{
			"from": [7.2, 1.9318, 5.3097],
			"to": [8.8, 2.2318, 5.5097],
			"rotation": {"angle": 22.5, "axis": "x", "origin": [8.05, 1.9818, 5.26967]},
			"faces": {
				"north": {"uv": [12, 8, 16, 12], "rotation": 180, "texture": "#0"},
				"east": {"uv": [12, 8, 16, 12], "rotation": 180, "texture": "#0"},
				"south": {"uv": [12, 8, 16, 12], "rotation": 180, "texture": "#0"},
				"west": {"uv": [12, 8, 16, 12], "rotation": 180, "texture": "#0"},
				"up": {"uv": [12, 8, 16, 12], "rotation": 180, "texture": "#0"},
				"down": {"uv": [12, 8, 16, 12], "rotation": 180, "texture": "#0"}
			}
		},
		{
			"from": [7.4, 2.1552, 5.08926],
			"to": [8.6, 2.2552, 5.38926],
			"rotation": {"angle": -22.5, "axis": "x", "origin": [8, 1.72522, 6.18926]},
			"faces": {
				"north": {"uv": [12, 8, 16, 12], "rotation": 90, "texture": "#0"},
				"east": {"uv": [12, 8, 16, 12], "rotation": 90, "texture": "#0"},
				"south": {"uv": [12, 8, 16, 12], "rotation": 90, "texture": "#0"},
				"west": {"uv": [12, 8, 16, 12], "rotation": 90, "texture": "#0"},
				"up": {"uv": [12, 8, 16, 12], "rotation": 90, "texture": "#0"},
				"down": {"uv": [12, 8, 16, 12], "rotation": 90, "texture": "#0"}
			}
		},
		{
			"from": [7.4, 1.31413, 4.35035],
			"to": [8.6, 1.81413, 6.55035],
			"rotation": {"angle": 0, "axis": "x", "origin": [8, 2.11413, 5.80035]},
			"faces": {
				"north": {"uv": [12, 8, 16, 12], "texture": "#0"},
				"east": {"uv": [12, 8, 16, 12], "texture": "#0"},
				"south": {"uv": [12, 8, 16, 12], "texture": "#0"},
				"west": {"uv": [12, 8, 16, 12], "texture": "#0"},
				"up": {"uv": [12, 8, 16, 12], "texture": "#0"},
				"down": {"uv": [12, 8, 16, 12], "texture": "#0"}
			}
		},
		{
			"from": [7.4, 0.49845, 4.58111],
			"to": [8.6, 0.79845, 4.88111],
			"rotation": {"angle": -45, "axis": "x", "origin": [8, 0.74845, 3.73111]},
			"faces": {
				"north": {"uv": [12, 8, 16, 12], "texture": "#0"},
				"east": {"uv": [12, 8, 16, 12], "texture": "#0"},
				"south": {"uv": [12, 8, 16, 12], "texture": "#0"},
				"west": {"uv": [12, 8, 16, 12], "texture": "#0"},
				"up": {"uv": [12, 8, 16, 12], "texture": "#0"},
				"down": {"uv": [12, 8, 16, 12], "texture": "#0"}
			}
		},
		{
			"from": [7.4, 1.59039, 4.25767],
			"to": [8.6, 1.79039, 4.40767],
			"rotation": {"angle": 45, "axis": "x", "origin": [8, 1.69039, 4.33267]},
			"faces": {
				"north": {"uv": [12, 8, 16, 12], "rotation": 180, "texture": "#0"},
				"east": {"uv": [12, 8, 16, 12], "rotation": 180, "texture": "#0"},
				"south": {"uv": [12, 8, 16, 12], "rotation": 180, "texture": "#0"},
				"west": {"uv": [12, 8, 16, 12], "rotation": 180, "texture": "#0"},
				"up": {"uv": [12, 8, 16, 12], "rotation": 180, "texture": "#0"},
				"down": {"uv": [12, 8, 16, 12], "rotation": 180, "texture": "#0"}
			}
		},
		{
			"from": [7.4, 0.97271, 4.00893],
			"to": [8.6, 1.57271, 4.50893],
			"rotation": {"angle": 0, "axis": "x", "origin": [8, 0.92271, 4.25893]},
			"faces": {
				"north": {"uv": [12, 8, 16, 12], "rotation": 270, "texture": "#0"},
				"east": {"uv": [12, 8, 16, 12], "rotation": 270, "texture": "#0"},
				"south": {"uv": [12, 8, 16, 12], "rotation": 270, "texture": "#0"},
				"west": {"uv": [12, 8, 16, 12], "rotation": 270, "texture": "#0"},
				"up": {"uv": [12, 8, 16, 12], "rotation": 270, "texture": "#0"},
				"down": {"uv": [12, 8, 16, 12], "rotation": 270, "texture": "#0"}
			}
		},
		{
			"from": [7.4, 1.55908, 3.89175],
			"to": [8.6, 1.70908, 4.29175],
			"rotation": {"angle": -22.5, "axis": "x", "origin": [8, 1.73408, 4.29175]},
			"faces": {
				"north": {"uv": [12, 8, 16, 12], "rotation": 270, "texture": "#0"},
				"east": {"uv": [12, 8, 16, 12], "rotation": 270, "texture": "#0"},
				"south": {"uv": [12, 8, 16, 12], "rotation": 270, "texture": "#0"},
				"west": {"uv": [12, 8, 16, 12], "rotation": 270, "texture": "#0"},
				"up": {"uv": [12, 8, 16, 12], "rotation": 270, "texture": "#0"},
				"down": {"uv": [12, 8, 16, 12], "rotation": 270, "texture": "#0"}
			}
		},
		{
			"from": [7.4, 0.23465, 3.51487],
			"to": [8.6, 1.43465, 4.31487],
			"rotation": {"angle": 0, "axis": "x", "origin": [8, 0.18465, 4.36487]},
			"faces": {
				"north": {"uv": [12, 8, 16, 12], "rotation": 270, "texture": "#0"},
				"east": {"uv": [12, 8, 16, 12], "rotation": 270, "texture": "#0"},
				"south": {"uv": [12, 8, 16, 12], "rotation": 270, "texture": "#0"},
				"west": {"uv": [12, 8, 16, 12], "rotation": 270, "texture": "#0"},
				"up": {"uv": [12, 8, 16, 12], "rotation": 270, "texture": "#0"},
				"down": {"uv": [12, 8, 16, 12], "rotation": 270, "texture": "#0"}
			}
		},
		{
			"from": [7.4, 2.13465, 1.21487],
			"to": [8.6, 3.33465, 2.71487],
			"rotation": {"angle": 0, "axis": "x", "origin": [8, 0.18465, 4.36487]},
			"faces": {
				"north": {"uv": [12, 8, 16, 12], "rotation": 270, "texture": "#0"},
				"east": {"uv": [12, 8, 16, 12], "rotation": 270, "texture": "#0"},
				"south": {"uv": [12, 8, 16, 12], "rotation": 270, "texture": "#0"},
				"west": {"uv": [12, 8, 16, 12], "rotation": 270, "texture": "#0"},
				"up": {"uv": [12, 8, 16, 12], "rotation": 270, "texture": "#0"},
				"down": {"uv": [12, 8, 16, 12], "rotation": 270, "texture": "#0"}
			}
		},
		{
			"from": [7.4, 1.43465, 0.91487],
			"to": [8.6, 3.33465, 1.21487],
			"rotation": {"angle": 0, "axis": "x", "origin": [8, 0.18465, 4.36487]},
			"faces": {
				"north": {"uv": [12, 8, 16, 12], "rotation": 270, "texture": "#0"},
				"east": {"uv": [12, 8, 16, 12], "rotation": 270, "texture": "#0"},
				"south": {"uv": [12, 8, 16, 12], "rotation": 270, "texture": "#0"},
				"west": {"uv": [12, 8, 16, 12], "rotation": 270, "texture": "#0"},
				"up": {"uv": [12, 8, 16, 12], "rotation": 270, "texture": "#0"},
				"down": {"uv": [12, 8, 16, 12], "rotation": 270, "texture": "#0"}
			}
		},
		{
			"from": [7.4, 2.78898, 1.35197],
			"to": [8.6, 2.98898, 1.85197],
			"rotation": {"angle": -45, "axis": "x", "origin": [8, 2.08898, 2.40197]},
			"faces": {
				"north": {"uv": [12, 8, 16, 12], "rotation": 270, "texture": "#0"},
				"east": {"uv": [12, 8, 16, 12], "rotation": 270, "texture": "#0"},
				"south": {"uv": [12, 8, 16, 12], "rotation": 270, "texture": "#0"},
				"west": {"uv": [12, 8, 16, 12], "rotation": 270, "texture": "#0"},
				"up": {"uv": [12, 8, 16, 12], "rotation": 270, "texture": "#0"},
				"down": {"uv": [12, 8, 16, 12], "rotation": 270, "texture": "#0"}
			}
		},
		{
			"from": [7.4, 1.14149, 2.50803],
			"to": [8.6, 1.84149, 3.30803],
			"rotation": {"angle": 0, "axis": "x", "origin": [8, 1.34149, 2.55803]},
			"faces": {
				"north": {"uv": [12, 8, 16, 12], "texture": "#0"},
				"east": {"uv": [12, 8, 16, 12], "texture": "#0"},
				"south": {"uv": [12, 8, 16, 12], "texture": "#0"},
				"west": {"uv": [12, 8, 16, 12], "texture": "#0"},
				"up": {"uv": [12, 8, 16, 12], "texture": "#0"},
				"down": {"uv": [12, 8, 16, 12], "texture": "#0"}
			}
		},
		{
			"from": [7.4, 1.77433, 2.2459],
			"to": [8.6, 2.27433, 2.4459],
			"rotation": {"angle": -45, "axis": "x", "origin": [8, 2.12433, 2.2959]},
			"faces": {
				"north": {"uv": [12, 8, 16, 12], "texture": "#0"},
				"east": {"uv": [12, 8, 16, 12], "texture": "#0"},
				"south": {"uv": [12, 8, 16, 12], "texture": "#0"},
				"west": {"uv": [12, 8, 16, 12], "texture": "#0"},
				"up": {"uv": [12, 8, 16, 12], "texture": "#0"},
				"down": {"uv": [12, 8, 16, 12], "texture": "#0"}
			}
		},
		{
			"from": [7.4, 1.84149, 2.50803],
			"to": [8.6, 2.44149, 3.20803],
			"rotation": {"angle": 0, "axis": "x", "origin": [8.25, 2.59149, 2.85803]},
			"faces": {
				"north": {"uv": [12, 8, 16, 12], "rotation": 270, "texture": "#0"},
				"east": {"uv": [12, 8, 16, 12], "rotation": 270, "texture": "#0"},
				"south": {"uv": [12, 8, 16, 12], "rotation": 270, "texture": "#0"},
				"west": {"uv": [12, 8, 16, 12], "rotation": 270, "texture": "#0"},
				"up": {"uv": [12, 8, 16, 12], "rotation": 270, "texture": "#0"},
				"down": {"uv": [12, 8, 16, 12], "rotation": 270, "texture": "#0"}
			}
		},
		{
			"from": [7.4, 2.6117, 2.69179],
			"to": [8.6, 3.0117, 3.89179],
			"rotation": {"angle": 0, "axis": "x", "origin": [7.8, 1.4117, 2.74179]},
			"faces": {
				"north": {"uv": [12, 8, 16, 12], "texture": "#0"},
				"east": {"uv": [12, 8, 16, 12], "texture": "#0"},
				"south": {"uv": [12, 8, 16, 12], "texture": "#0"},
				"west": {"uv": [12, 8, 16, 12], "texture": "#0"},
				"up": {"uv": [12, 8, 16, 12], "texture": "#0"},
				"down": {"uv": [12, 8, 16, 12], "texture": "#0"}
			}
		},
		{
			"from": [7.4, 1.76825, 3.16731],
			"to": [8.6, 2.01825, 3.36731],
			"rotation": {"angle": -22.5, "axis": "x", "origin": [8, 1.86825, 3.26731]},
			"faces": {
				"north": {"uv": [12, 8, 16, 12], "rotation": 270, "texture": "#0"},
				"east": {"uv": [12, 8, 16, 12], "rotation": 270, "texture": "#0"},
				"south": {"uv": [12, 8, 16, 12], "rotation": 270, "texture": "#0"},
				"west": {"uv": [12, 8, 16, 12], "rotation": 270, "texture": "#0"},
				"up": {"uv": [12, 8, 16, 12], "rotation": 270, "texture": "#0"},
				"down": {"uv": [12, 8, 16, 12], "rotation": 270, "texture": "#0"}
			}
		},
		{
			"from": [7.4, 1.9908, 3.08081],
			"to": [8.6, 2.1908, 3.28081],
			"rotation": {"angle": 0, "axis": "x", "origin": [8, 2.0408, 3.18081]},
			"faces": {
				"north": {"uv": [12, 8, 16, 12], "rotation": 270, "texture": "#0"},
				"east": {"uv": [12, 8, 16, 12], "rotation": 270, "texture": "#0"},
				"south": {"uv": [12, 8, 16, 12], "rotation": 270, "texture": "#0"},
				"west": {"uv": [12, 8, 16, 12], "rotation": 270, "texture": "#0"},
				"up": {"uv": [12, 8, 16, 12], "rotation": 270, "texture": "#0"},
				"down": {"uv": [12, 8, 16, 12], "rotation": 270, "texture": "#0"}
			}
		},
		{
			"from": [7.4, 2.18658, 3.19932],
			"to": [8.6, 2.58658, 3.39932],
			"rotation": {"angle": 22.5, "axis": "x", "origin": [8, 2.53658, 3.09932]},
			"faces": {
				"north": {"uv": [12, 8, 16, 12], "rotation": 270, "texture": "#0"},
				"east": {"uv": [12, 8, 16, 12], "rotation": 270, "texture": "#0"},
				"south": {"uv": [12, 8, 16, 12], "rotation": 270, "texture": "#0"},
				"west": {"uv": [12, 8, 16, 12], "rotation": 270, "texture": "#0"},
				"up": {"uv": [12, 8, 16, 12], "rotation": 270, "texture": "#0"},
				"down": {"uv": [12, 8, 16, 12], "rotation": 270, "texture": "#0"}
			}
		},
		{
			"from": [7.4, 4.08909, 3.52168],
			"to": [8.6, 4.68909, 4.62168],
			"rotation": {"angle": -45, "axis": "x", "origin": [8.05, 2.28909, 5.82168]},
			"faces": {
				"north": {"uv": [12, 8, 16, 12], "texture": "#0"},
				"east": {"uv": [12, 8, 16, 12], "texture": "#0"},
				"south": {"uv": [12, 8, 16, 12], "texture": "#0"},
				"west": {"uv": [12, 8, 16, 12], "texture": "#0"},
				"up": {"uv": [12, 8, 16, 12], "texture": "#0"},
				"down": {"uv": [12, 8, 16, 12], "texture": "#0"}
			}
		},
		{
			"from": [7.4, 2.3782, 3.54223],
			"to": [8.6, 2.4782, 3.84223],
			"rotation": {"angle": -22.5, "axis": "x", "origin": [8, 2.2482, 3.14223]},
			"faces": {
				"north": {"uv": [12, 8, 16, 12], "texture": "#0"},
				"east": {"uv": [12, 8, 16, 12], "texture": "#0"},
				"south": {"uv": [12, 8, 16, 12], "texture": "#0"},
				"west": {"uv": [12, 8, 16, 12], "texture": "#0"},
				"up": {"uv": [12, 8, 16, 12], "texture": "#0"},
				"down": {"uv": [12, 8, 16, 12], "texture": "#0"}
			}
		},
		{
			"from": [7.4, 1.48003, 3.11564],
			"to": [8.6, 1.88003, 3.51564],
			"rotation": {"angle": -45, "axis": "x", "origin": [8, 1.65503, 3.41564]},
			"faces": {
				"north": {"uv": [12, 8, 16, 12], "rotation": 270, "texture": "#0"},
				"east": {"uv": [12, 8, 16, 12], "rotation": 270, "texture": "#0"},
				"south": {"uv": [12, 8, 16, 12], "rotation": 270, "texture": "#0"},
				"west": {"uv": [12, 8, 16, 12], "rotation": 270, "texture": "#0"},
				"up": {"uv": [12, 8, 16, 12], "rotation": 270, "texture": "#0"},
				"down": {"uv": [12, 8, 16, 12], "rotation": 270, "texture": "#0"}
			}
		},
		{
			"from": [7.4, 1.43249, 3.4916],
			"to": [8.6, 1.63249, 4.1916],
			"rotation": {"angle": 22.5, "axis": "x", "origin": [8, 1.53249, 3.61659]},
			"faces": {
				"north": {"uv": [12, 8, 16, 12], "rotation": 180, "texture": "#0"},
				"east": {"uv": [12, 8, 16, 12], "rotation": 180, "texture": "#0"},
				"south": {"uv": [12, 8, 16, 12], "rotation": 180, "texture": "#0"},
				"west": {"uv": [12, 8, 16, 12], "rotation": 180, "texture": "#0"},
				"up": {"uv": [12, 8, 16, 12], "rotation": 180, "texture": "#0"},
				"down": {"uv": [12, 8, 16, 12], "rotation": 180, "texture": "#0"}
			}
		},
		{
			"from": [7.4, 1.44617, 3.72415],
			"to": [8.6, 1.59617, 4.02415],
			"rotation": {"angle": 0, "axis": "x", "origin": [8, 1.52117, 3.92415]},
			"faces": {
				"north": {"uv": [12, 8, 16, 12], "rotation": 270, "texture": "#0"},
				"east": {"uv": [12, 8, 16, 12], "rotation": 270, "texture": "#0"},
				"south": {"uv": [12, 8, 16, 12], "rotation": 270, "texture": "#0"},
				"west": {"uv": [12, 8, 16, 12], "rotation": 270, "texture": "#0"},
				"up": {"uv": [12, 8, 16, 12], "rotation": 270, "texture": "#0"},
				"down": {"uv": [12, 8, 16, 12], "rotation": 270, "texture": "#0"}
			}
		},
		{
			"from": [7.4, 0.38206, 2.61757],
			"to": [8.6, 1.58206, 3.11757],
			"rotation": {"angle": 45, "axis": "x", "origin": [8, 0.43206, 3.01757]},
			"faces": {
				"north": {"uv": [12, 8, 16, 12], "rotation": 270, "texture": "#0"},
				"east": {"uv": [12, 8, 16, 12], "rotation": 270, "texture": "#0"},
				"south": {"uv": [12, 8, 16, 12], "rotation": 270, "texture": "#0"},
				"west": {"uv": [12, 8, 16, 12], "rotation": 270, "texture": "#0"},
				"up": {"uv": [12, 8, 16, 12], "rotation": 270, "texture": "#0"},
				"down": {"uv": [12, 8, 16, 12], "rotation": 270, "texture": "#0"}
			}
		},
		{
			"from": [7.4, 0.68346, 2.61903],
			"to": [8.6, 1.18346, 3.21903],
			"rotation": {"angle": -22.5, "axis": "x", "origin": [8, 0.88346, 2.66903]},
			"faces": {
				"north": {"uv": [12, 8, 16, 12], "texture": "#0"},
				"east": {"uv": [12, 8, 16, 12], "texture": "#0"},
				"south": {"uv": [12, 8, 16, 12], "texture": "#0"},
				"west": {"uv": [12, 8, 16, 12], "texture": "#0"},
				"up": {"uv": [12, 8, 16, 12], "texture": "#0"},
				"down": {"uv": [12, 8, 16, 12], "texture": "#0"}
			}
		},
		{
			"from": [7.4, 0.37959, 3.08348],
			"to": [8.6, 0.97959, 3.58348],
			"rotation": {"angle": 22.5, "axis": "x", "origin": [8, 0.42959, 2.93348]},
			"faces": {
				"north": {"uv": [12, 8, 16, 12], "rotation": 270, "texture": "#0"},
				"east": {"uv": [12, 8, 16, 12], "rotation": 270, "texture": "#0"},
				"south": {"uv": [12, 8, 16, 12], "rotation": 270, "texture": "#0"},
				"west": {"uv": [12, 8, 16, 12], "rotation": 270, "texture": "#0"},
				"up": {"uv": [12, 8, 16, 12], "rotation": 270, "texture": "#0"},
				"down": {"uv": [12, 8, 16, 12], "rotation": 270, "texture": "#0"}
			}
		},
		{
			"from": [7.4, 0.10853, 3.68354],
			"to": [8.6, 1.10853, 4.18354],
			"rotation": {"angle": -22.5, "axis": "x", "origin": [8, 1.70853, 3.93354]},
			"faces": {
				"north": {"uv": [12, 8, 16, 12], "rotation": 270, "texture": "#0"},
				"east": {"uv": [12, 8, 16, 12], "rotation": 270, "texture": "#0"},
				"south": {"uv": [12, 8, 16, 12], "rotation": 270, "texture": "#0"},
				"west": {"uv": [12, 8, 16, 12], "rotation": 270, "texture": "#0"},
				"up": {"uv": [12, 8, 16, 12], "rotation": 270, "texture": "#0"},
				"down": {"uv": [12, 8, 16, 12], "rotation": 270, "texture": "#0"}
			}
		},
		{
			"from": [7.4, 0.13465, 3.51487],
			"to": [8.6, 0.23465, 4.81487],
			"rotation": {"angle": 0, "axis": "x", "origin": [8, 0.18465, 4.36487]},
			"faces": {
				"north": {"uv": [12, 8, 16, 12], "rotation": 270, "texture": "#0"},
				"east": {"uv": [12, 8, 16, 12], "rotation": 270, "texture": "#0"},
				"south": {"uv": [12, 8, 16, 12], "rotation": 270, "texture": "#0"},
				"west": {"uv": [12, 8, 16, 12], "rotation": 270, "texture": "#0"},
				"up": {"uv": [12, 8, 16, 12], "rotation": 270, "texture": "#0"},
				"down": {"uv": [12, 8, 16, 12], "rotation": 270, "texture": "#0"}
			}
		},
		{
			"from": [7.4, 0.00853, 3.98354],
			"to": [8.6, 0.10853, 4.18354],
			"rotation": {"angle": -22.5, "axis": "x", "origin": [8, 1.70853, 3.93354]},
			"faces": {
				"north": {"uv": [12, 8, 16, 12], "rotation": 270, "texture": "#0"},
				"east": {"uv": [12, 8, 16, 12], "rotation": 270, "texture": "#0"},
				"south": {"uv": [12, 8, 16, 12], "rotation": 270, "texture": "#0"},
				"west": {"uv": [12, 8, 16, 12], "rotation": 270, "texture": "#0"},
				"up": {"uv": [12, 8, 16, 12], "rotation": 270, "texture": "#0"},
				"down": {"uv": [12, 8, 16, 12], "rotation": 270, "texture": "#0"}
			}
		},
		{
			"from": [7.4, 0.00853, 3.9535],
			"to": [8.6, 0.10853, 4.0535],
			"rotation": {"angle": -22.5, "axis": "x", "origin": [8, 1.70853, 3.93354]},
			"faces": {
				"north": {"uv": [12, 8, 16, 12], "rotation": 270, "texture": "#0"},
				"east": {"uv": [12, 8, 16, 12], "rotation": 270, "texture": "#0"},
				"south": {"uv": [12, 8, 16, 12], "rotation": 270, "texture": "#0"},
				"west": {"uv": [12, 8, 16, 12], "rotation": 270, "texture": "#0"},
				"up": {"uv": [12, 8, 16, 12], "rotation": 270, "texture": "#0"},
				"down": {"uv": [12, 8, 16, 12], "rotation": 270, "texture": "#0"}
			}
		},
		{
			"from": [7.2, 0.9, 11.8],
			"to": [8.8, 3, 16.6],
			"rotation": {"angle": 0, "axis": "y", "origin": [0, 0, 2]},
			"faces": {
				"north": {"uv": [8, 4, 12, 8], "texture": "#0"},
				"east": {"uv": [8, 4, 12, 8], "texture": "#0"},
				"south": {"uv": [8, 4, 12, 8], "texture": "#0"},
				"west": {"uv": [8, 4, 12, 8], "texture": "#0"},
				"up": {"uv": [8, 4, 12, 8], "texture": "#0"},
				"down": {"uv": [8, 4, 12, 8], "texture": "#0"}
			}
		},
		{
			"from": [7.2, 0.9, 16.6],
			"to": [8.8, 3.5, 16.8],
			"rotation": {"angle": 0, "axis": "y", "origin": [0, 0, 2]},
			"faces": {
				"north": {"uv": [8, 4, 12, 8], "texture": "#0"},
				"east": {"uv": [8, 4, 12, 8], "texture": "#0"},
				"south": {"uv": [8, 4, 12, 8], "texture": "#0"},
				"west": {"uv": [8, 4, 12, 8], "texture": "#0"},
				"up": {"uv": [8, 4, 12, 8], "texture": "#0"},
				"down": {"uv": [8, 4, 12, 8], "texture": "#0"}
			}
		},
		{
			"from": [7.1, 0.8, 11.9],
			"to": [8.9, 0.9, 14],
			"rotation": {"angle": 0, "axis": "y", "origin": [0, 0, 2]},
			"faces": {
				"north": {"uv": [12, 0, 16, 4], "texture": "#0"},
				"east": {"uv": [12, 0, 16, 4], "texture": "#0"},
				"south": {"uv": [12, 0, 16, 4], "texture": "#0"},
				"west": {"uv": [12, 0, 16, 4], "texture": "#0"},
				"up": {"uv": [12, 0, 16, 4], "texture": "#0"},
				"down": {"uv": [12, 0, 16, 4], "texture": "#0"}
			}
		},
		{
			"from": [7.1, 1, 11.7],
			"to": [8.9, 3, 11.8],
			"rotation": {"angle": 0, "axis": "y", "origin": [0, 0, 2]},
			"faces": {
				"north": {"uv": [12, 0, 16, 4], "texture": "#0"},
				"east": {"uv": [12, 0, 16, 4], "texture": "#0"},
				"south": {"uv": [12, 0, 16, 4], "texture": "#0"},
				"west": {"uv": [12, 0, 16, 4], "texture": "#0"},
				"up": {"uv": [12, 0, 16, 4], "texture": "#0"},
				"down": {"uv": [12, 0, 16, 4], "texture": "#0"}
			}
		},
		{
			"from": [7.1, 0.5, 11.6],
			"to": [8.9, 1.8, 11.7],
			"rotation": {"angle": -45, "axis": "x", "origin": [8, 1.9, 11.75]},
			"faces": {
				"north": {"uv": [12, 0, 16, 4], "texture": "#0"},
				"east": {"uv": [12, 0, 16, 4], "texture": "#0"},
				"south": {"uv": [12, 0, 16, 4], "texture": "#0"},
				"west": {"uv": [12, 0, 16, 4], "texture": "#0"},
				"up": {"uv": [12, 0, 16, 4], "texture": "#0"},
				"down": {"uv": [12, 0, 16, 4], "texture": "#0"}
			}
		},
		{
			"from": [7.1, 0.6, 11.5],
			"to": [8.9, 1.7, 11.6],
			"rotation": {"angle": -45, "axis": "x", "origin": [8, 1.9, 11.75]},
			"faces": {
				"north": {"uv": [12, 0, 16, 4], "texture": "#0"},
				"east": {"uv": [12, 0, 16, 4], "texture": "#0"},
				"south": {"uv": [12, 0, 16, 4], "texture": "#0"},
				"west": {"uv": [12, 0, 16, 4], "texture": "#0"},
				"up": {"uv": [12, 0, 16, 4], "texture": "#0"},
				"down": {"uv": [12, 0, 16, 4], "texture": "#0"}
			}
		},
		{
			"from": [7.1, 1.28597, 10.37322],
			"to": [8.9, 1.56897, 10.47322],
			"rotation": {"angle": -45, "axis": "x", "origin": [8, 2.88597, 11.72322]},
			"faces": {
				"north": {"uv": [12, 0, 16, 4], "texture": "#0"},
				"east": {"uv": [12, 0, 16, 4], "texture": "#0"},
				"south": {"uv": [12, 0, 16, 4], "texture": "#0"},
				"west": {"uv": [12, 0, 16, 4], "texture": "#0"},
				"up": {"uv": [12, 0, 16, 4], "texture": "#0"},
				"down": {"uv": [12, 0, 16, 4], "texture": "#0"}
			}
		},
		{
			"from": [7.1, 0.7, 11.4],
			"to": [8.9, 1.6, 11.5],
			"rotation": {"angle": -45, "axis": "x", "origin": [8, 1.9, 11.75]},
			"faces": {
				"north": {"uv": [12, 0, 16, 4], "texture": "#0"},
				"east": {"uv": [12, 0, 16, 4], "texture": "#0"},
				"south": {"uv": [12, 0, 16, 4], "texture": "#0"},
				"west": {"uv": [12, 0, 16, 4], "texture": "#0"},
				"up": {"uv": [12, 0, 16, 4], "texture": "#0"},
				"down": {"uv": [12, 0, 16, 4], "texture": "#0"}
			}
		},
		{
			"from": [4.2, 5.54596, 3.51691],
			"to": [4.3, 5.64596, 11.81691],
			"rotation": {"angle": -22.5, "axis": "x", "origin": [8, 4.74596, 6.69191]},
			"faces": {
				"north": {"uv": [8, 4, 12, 8], "texture": "#0"},
				"east": {"uv": [8, 4, 12, 8], "texture": "#0"},
				"south": {"uv": [8, 4, 12, 8], "texture": "#0"},
				"west": {"uv": [8, 4, 12, 8], "texture": "#0"},
				"up": {"uv": [8, 4, 12, 8], "texture": "#0"},
				"down": {"uv": [8, 4, 12, 8], "texture": "#0"}
			}
		},
		{
			"from": [4.2, 4.64596, 3.51691],
			"to": [5.8, 5.54596, 11.91691],
			"rotation": {"angle": -22.5, "axis": "x", "origin": [8, 4.74596, 6.69191]},
			"faces": {
				"north": {"uv": [4, 0, 8, 4], "texture": "#0"},
				"east": {"uv": [4, 8, 8, 14], "rotation": 90, "texture": "#0"},
				"south": {"uv": [8, 4, 12, 8], "texture": "#0"},
				"west": {"uv": [4, 8, 8, 14], "rotation": 270, "texture": "#0"},
				"up": {"uv": [4, 0, 8, 6], "texture": "#0"},
				"down": {"uv": [4, 0, 8, 4], "texture": "#0"}
			}
		},
		{
			"from": [5.7, 5.54596, 3.51691],
			"to": [5.8, 5.64596, 11.81691],
			"rotation": {"angle": -22.5, "axis": "x", "origin": [8, 4.74596, 6.69191]},
			"faces": {
				"north": {"uv": [8, 4, 12, 8], "texture": "#0"},
				"east": {"uv": [8, 4, 12, 8], "texture": "#0"},
				"south": {"uv": [8, 4, 12, 8], "texture": "#0"},
				"west": {"uv": [8, 4, 12, 8], "texture": "#0"},
				"up": {"uv": [8, 4, 12, 8], "texture": "#0"},
				"down": {"uv": [8, 4, 12, 8], "texture": "#0"}
			}
		},
		{
			"from": [7.3, 3, 2.3],
			"to": [7.4, 3.4, 4.5],
			"rotation": {"angle": 0, "axis": "y", "origin": [7.3, 3.2, 2.95]},
			"faces": {
				"north": {"uv": [0, 0, 4, 4], "texture": "#0"},
				"east": {"uv": [0, 0, 4, 4], "texture": "#0"},
				"south": {"uv": [0, 0, 4, 4], "texture": "#0"},
				"west": {"uv": [0, 0, 4, 4], "texture": "#0"},
				"up": {"uv": [0, 0, 4, 4], "texture": "#0"},
				"down": {"uv": [0, 0, 4, 4], "texture": "#0"}
			}
		},
		{
			"from": [7.2, 2.6818, 2.4318],
			"to": [7.3, 3.0818, 2.8318],
			"rotation": {"angle": 45, "axis": "x", "origin": [7.3, 3.2, 2.95]},
			"faces": {
				"north": {"uv": [8, 4, 12, 8], "texture": "#0"},
				"east": {"uv": [8, 4, 12, 8], "texture": "#0"},
				"south": {"uv": [8, 4, 12, 8], "texture": "#0"},
				"west": {"uv": [8, 4, 12, 8], "texture": "#0"},
				"up": {"uv": [8, 4, 12, 8], "texture": "#0"},
				"down": {"uv": [8, 4, 12, 8], "texture": "#0"}
			}
		},
		{
			"from": [7, 2.6818, 2.4318],
			"to": [7.2, 3.0818, 2.5318],
			"rotation": {"angle": 45, "axis": "x", "origin": [7.3, 3.2, 2.95]},
			"faces": {
				"north": {"uv": [12, 4, 16, 8], "texture": "#0"},
				"east": {"uv": [12, 4, 16, 8], "texture": "#0"},
				"south": {"uv": [12, 4, 16, 8], "texture": "#0"},
				"west": {"uv": [12, 4, 16, 8], "texture": "#0"},
				"up": {"uv": [12, 4, 16, 8], "texture": "#0"},
				"down": {"uv": [12, 4, 16, 8], "texture": "#0"}
			}
		},
		{
			"from": [7, 2.7818, 2.5318],
			"to": [7.2, 2.8818, 2.6318],
			"rotation": {"angle": 45, "axis": "x", "origin": [7.3, 3.2, 2.95]},
			"faces": {
				"north": {"uv": [12, 4, 16, 8], "texture": "#0"},
				"east": {"uv": [12, 4, 16, 8], "texture": "#0"},
				"south": {"uv": [12, 4, 16, 8], "texture": "#0"},
				"west": {"uv": [12, 4, 16, 8], "texture": "#0"},
				"up": {"uv": [12, 4, 16, 8], "texture": "#0"},
				"down": {"uv": [12, 4, 16, 8], "texture": "#0"}
			}
		},
		{
			"from": [7, 2.6818, 2.5318],
			"to": [7.2, 2.7818, 2.8318],
			"rotation": {"angle": 45, "axis": "x", "origin": [7.3, 3.2, 2.95]},
			"faces": {
				"north": {"uv": [12, 4, 16, 8], "texture": "#0"},
				"east": {"uv": [12, 4, 16, 8], "texture": "#0"},
				"south": {"uv": [12, 4, 16, 8], "texture": "#0"},
				"west": {"uv": [12, 4, 16, 8], "texture": "#0"},
				"up": {"uv": [12, 4, 16, 8], "texture": "#0"},
				"down": {"uv": [12, 4, 16, 8], "texture": "#0"}
			}
		}
	],
	"display": {
		"thirdperson_righthand": {
			"translation": [0, 4, 2.5],
			"scale": [0.8, 0.8, 0.8]
		},
		"thirdperson_lefthand": {
			"scale": [0, 0, 0]
		},
		"firstperson_righthand": {
			"rotation": [-8, -15, 8],
			"translation": [8, 13, -0.5]
		},
		"firstperson_lefthand": {
			"scale": [0, 0, 0]
		},
		"ground": {
			"rotation": [0, 0, 90],
			"translation": [-4.25, 0, -0.25]
		},
		"gui": {
			"rotation": [90, 45, -90],
			"translation": [3.5, 5, 0],
			"scale": [1.2, 1.2, 1.2]
		},
		"head": {
			"rotation": [0, 0, 90],
			"translation": [-4.5, -42.5, 0]
		},
		"fixed": {
			"rotation": [0, -90, 0],
			"translation": [-0.25, 4.5, 0]
		}
	},
	"groups": [
		{
			"name": "group",
			"origin": [0, 0, 4],
			"color": 0,
			"nbt": "{}",
			"children": [
				0,
				1,
				2,
				3,
				4,
				5,
				6,
				7,
				8,
				9,
				10,
				11,
				12,
				13,
				14,
				15,
				16,
				17,
				18,
				19,
				20,
				21,
				22,
				23,
				24,
				25,
				26,
				27,
				28,
				29,
				30,
				31,
				{
					"name": "group",
					"origin": [6.95, 4.31612, 17.05459],
					"color": 0,
					"nbt": "{}",
					"children": [32, 33, 34, 35, 36, 37, 38, 39, 40, 41, 42, 43, 44, 45, 46, 47, 48, 49, 50, 51, 52, 53, 54, 55]
				},
				56,
				57,
				58
			]
		},
		{
			"name": "group",
			"origin": [8, 1.70853, 5.93354],
			"color": 0,
			"nbt": "{}",
			"children": [
				59,
				60,
				61,
				62,
				63,
				64,
				65,
				66,
				67,
				68,
				69,
				70,
				71,
				72,
				73,
				74,
				75,
				76,
				77,
				78,
				79,
				80,
				81,
				82,
				83,
				84,
				85,
				86,
				87,
				88,
				89,
				90,
				91,
				92,
				93,
				94,
				95,
				96,
				97,
				98,
				99,
				100,
				101,
				102,
				103,
				104,
				105,
				106,
				107,
				108,
				109,
				110,
				111,
				112,
				113,
				114,
				115
			]
		},
		116,
		117,
		118,
		119,
		120,
		121,
		122,
		123,
		{
			"name": "group",
			"origin": [0, 0, 0],
			"color": 0,
			"nbt": "{}",
			"children": [124, 125, 126]
		},
		{
			"name": "group",
			"origin": [0, 0, 4],
			"color": 0,
			"nbt": "{}",
			"children": [127, 128, 129, 130, 131]
		}
	]
}