{
	"credit": "Made with Blockbench",
	"texture_size": [4, 4],
	"textures": {
		"0": "slot_3:item/sword/0",
		"particle": "slot_3:item/sword/0"
	},
	"elements": [
		{
			"from": [7.6, 2.85, 7.85],
			"to": [8.4, 8.15, 8.05],
			"rotation": {"angle": 0, "axis": "y", "origin": [8, 1, 12.45]},
			"faces": {
				"north": {"uv": [12, 8, 16, 12], "texture": "#0"},
				"east": {"uv": [12, 8, 16, 12], "texture": "#0"},
				"south": {"uv": [12, 8, 16, 12], "texture": "#0"},
				"west": {"uv": [12, 8, 16, 12], "texture": "#0"},
				"up": {"uv": [12, 8, 16, 12], "texture": "#0"},
				"down": {"uv": [12, 8, 16, 12], "texture": "#0"}
			}
		},
		{
			"from": [7.8, 8.15, 7.85],
			"to": [8.2, 8.45, 8.05],
			"rotation": {"angle": 0, "axis": "y", "origin": [8, 1, 12.45]},
			"faces": {
				"north": {"uv": [12, 8, 16, 12], "texture": "#0"},
				"east": {"uv": [12, 8, 16, 12], "texture": "#0"},
				"south": {"uv": [12, 8, 16, 12], "texture": "#0"},
				"west": {"uv": [12, 8, 16, 12], "texture": "#0"},
				"up": {"uv": [12, 8, 16, 12], "texture": "#0"},
				"down": {"uv": [12, 8, 16, 12], "texture": "#0"}
			}
		},
		{
			"from": [7.90615, 8.5891, 7.85],
			"to": [8.09315, 8.8891, 8.05],
			"rotation": {"angle": 0, "axis": "y", "origin": [8.00615, 1.0391, 12.45]},
			"faces": {
				"north": {"uv": [12, 8, 16, 12], "texture": "#0"},
				"east": {"uv": [12, 8, 16, 12], "texture": "#0"},
				"south": {"uv": [12, 8, 16, 12], "texture": "#0"},
				"west": {"uv": [12, 8, 16, 12], "texture": "#0"},
				"up": {"uv": [12, 8, 16, 12], "texture": "#0"},
				"down": {"uv": [12, 8, 16, 12], "texture": "#0"}
			}
		},
		{
			"from": [7.4, 2.85, 7.9],
			"to": [7.6, 8.15, 8],
			"rotation": {"angle": 0, "axis": "y", "origin": [8, 1, 12.45]},
			"faces": {
				"north": {"uv": [12, 12, 16, 16], "texture": "#0"},
				"east": {"uv": [12, 12, 16, 16], "texture": "#0"},
				"south": {"uv": [12, 12, 16, 16], "texture": "#0"},
				"west": {"uv": [12, 12, 16, 16], "texture": "#0"},
				"up": {"uv": [12, 12, 16, 16], "texture": "#0"},
				"down": {"uv": [12, 12, 16, 16], "texture": "#0"}
			}
		},
		{
			"from": [8.4, 2.85, 7.9],
			"to": [8.6, 8.15, 8],
			"rotation": {"angle": 0, "axis": "y", "origin": [8, 1, 12.45]},
			"faces": {
				"north": {"uv": [12, 12, 16, 16], "texture": "#0"},
				"east": {"uv": [12, 12, 16, 16], "texture": "#0"},
				"south": {"uv": [12, 12, 16, 16], "texture": "#0"},
				"west": {"uv": [12, 12, 16, 16], "texture": "#0"},
				"up": {"uv": [12, 12, 16, 16], "texture": "#0"},
				"down": {"uv": [12, 12, 16, 16], "texture": "#0"}
			}
		},
		{
			"from": [8.39889, 7.87174, 7.9],
			"to": [8.59889, 8.77174, 8],
			"rotation": {"angle": -22.5, "axis": "z", "origin": [8.59889, 10.52174, 7.95]},
			"faces": {
				"north": {"uv": [12, 12, 16, 16], "texture": "#0"},
				"east": {"uv": [12, 12, 16, 16], "texture": "#0"},
				"south": {"uv": [12, 12, 16, 16], "texture": "#0"},
				"west": {"uv": [12, 12, 16, 16], "texture": "#0"},
				"up": {"uv": [12, 12, 16, 16], "texture": "#0"},
				"down": {"uv": [12, 12, 16, 16], "texture": "#0"}
			}
		},
		{
			"from": [8.2354, 8.07748, 7.9],
			"to": [8.4354, 8.97748, 8],
			"rotation": {"angle": 22.5, "axis": "z", "origin": [8.3354, 8.52748, 7.95]},
			"faces": {
				"north": {"uv": [12, 12, 16, 16], "texture": "#0"},
				"east": {"uv": [12, 12, 16, 16], "texture": "#0"},
				"south": {"uv": [12, 12, 16, 16], "texture": "#0"},
				"west": {"uv": [12, 12, 16, 16], "texture": "#0"},
				"up": {"uv": [12, 12, 16, 16], "texture": "#0"},
				"down": {"uv": [12, 12, 16, 16], "texture": "#0"}
			}
		},
		{
			"from": [7.59362, 8.80655, 7.9],
			"to": [7.95462, 9.16755, 8],
			"rotation": {"angle": 45, "axis": "z", "origin": [7.89362, 9.25655, 7.95]},
			"faces": {
				"north": {"uv": [12, 12, 16, 16], "texture": "#0"},
				"east": {"uv": [12, 12, 16, 16], "texture": "#0"},
				"south": {"uv": [12, 12, 16, 16], "texture": "#0"},
				"west": {"uv": [12, 12, 16, 16], "texture": "#0"},
				"up": {"uv": [12, 12, 16, 16], "texture": "#0"},
				"down": {"uv": [12, 12, 16, 16], "texture": "#0"}
			}
		},
		{
			"from": [7.97552, 8.02578, 7.85],
			"to": [8.27552, 8.67578, 8.05],
			"rotation": {"angle": 22.5, "axis": "z", "origin": [8.02552, 8.40078, 7.95]},
			"faces": {
				"north": {"uv": [12, 8, 16, 12], "texture": "#0"},
				"east": {"uv": [12, 8, 16, 12], "texture": "#0"},
				"south": {"uv": [12, 8, 16, 12], "texture": "#0"},
				"west": {"uv": [12, 8, 16, 12], "texture": "#0"},
				"up": {"uv": [12, 8, 16, 12], "texture": "#0"},
				"down": {"uv": [12, 8, 16, 12], "texture": "#0"}
			}
		},
		{
			"from": [7.85066, 9.00899, 7.85],
			"to": [7.95066, 9.15899, 8.05],
			"rotation": {"angle": 22.5, "axis": "z", "origin": [8.70066, 9.38399, 7.95]},
			"faces": {
				"north": {"uv": [12, 8, 16, 12], "texture": "#0"},
				"east": {"uv": [12, 8, 16, 12], "texture": "#0"},
				"south": {"uv": [12, 8, 16, 12], "texture": "#0"},
				"west": {"uv": [12, 8, 16, 12], "texture": "#0"},
				"up": {"uv": [12, 8, 16, 12], "texture": "#0"},
				"down": {"uv": [12, 8, 16, 12], "texture": "#0"}
			}
		},
		{
			"from": [7.71295, 8.06786, 7.85],
			"to": [8.01295, 8.71786, 8.05],
			"rotation": {"angle": -22.5, "axis": "z", "origin": [7.86295, 8.39286, 7.95]},
			"faces": {
				"north": {"uv": [12, 8, 16, 12], "texture": "#0"},
				"east": {"uv": [12, 8, 16, 12], "texture": "#0"},
				"south": {"uv": [12, 8, 16, 12], "texture": "#0"},
				"west": {"uv": [12, 8, 16, 12], "texture": "#0"},
				"up": {"uv": [12, 8, 16, 12], "texture": "#0"},
				"down": {"uv": [12, 8, 16, 12], "texture": "#0"}
			}
		},
		{
			"from": [7.65555, 8.72928, 7.85],
			"to": [7.75555, 8.87928, 8.05],
			"rotation": {"angle": -22.5, "axis": "z", "origin": [7.80555, 8.25428, 7.95]},
			"faces": {
				"north": {"uv": [12, 8, 16, 12], "texture": "#0"},
				"east": {"uv": [12, 8, 16, 12], "texture": "#0"},
				"south": {"uv": [12, 8, 16, 12], "texture": "#0"},
				"west": {"uv": [12, 8, 16, 12], "texture": "#0"},
				"up": {"uv": [12, 8, 16, 12], "texture": "#0"},
				"down": {"uv": [12, 8, 16, 12], "texture": "#0"}
			}
		},
		{
			"from": [7.5, -0.55, 7.65],
			"to": [8.5, 2.55, 8.25],
			"rotation": {"angle": 0, "axis": "x", "origin": [8, 1, 12.45]},
			"faces": {
				"north": {"uv": [0, 0, 4, 4], "rotation": 180, "texture": "#0"},
				"east": {"uv": [0, 0, 4, 4], "rotation": 270, "texture": "#0"},
				"south": {"uv": [0, 0, 4, 4], "texture": "#0"},
				"west": {"uv": [0, 0, 4, 4], "rotation": 90, "texture": "#0"},
				"up": {"uv": [0, 0, 4, 4], "rotation": 180, "texture": "#0"},
				"down": {"uv": [0, 0, 4, 4], "texture": "#0"}
			}
		},
		{
			"from": [7.3, -0.85, 7.35],
			"to": [8.7, -0.55, 8.55],
			"rotation": {"angle": 0, "axis": "x", "origin": [8, 1, 12.45]},
			"faces": {
				"north": {"uv": [12, 0, 16, 4], "rotation": 180, "texture": "#0"},
				"east": {"uv": [12, 0, 16, 4], "rotation": 270, "texture": "#0"},
				"south": {"uv": [12, 0, 16, 4], "texture": "#0"},
				"west": {"uv": [12, 0, 16, 4], "rotation": 90, "texture": "#0"},
				"up": {"uv": [12, 0, 16, 4], "rotation": 180, "texture": "#0"},
				"down": {"uv": [12, 0, 16, 4], "texture": "#0"}
			}
		},
		{
			"from": [7, 2.55, 7.25],
			"to": [9, 2.85, 8.65],
			"rotation": {"angle": 0, "axis": "x", "origin": [8, 1, 12.45]},
			"faces": {
				"north": {"uv": [12, 0, 16, 4], "rotation": 180, "texture": "#0"},
				"east": {"uv": [12, 0, 16, 4], "rotation": 270, "texture": "#0"},
				"south": {"uv": [12, 0, 16, 4], "texture": "#0"},
				"west": {"uv": [12, 0, 16, 4], "rotation": 90, "texture": "#0"},
				"up": {"uv": [12, 0, 16, 4], "rotation": 180, "texture": "#0"},
				"down": {"uv": [12, 0, 16, 4], "texture": "#0"}
			}
		},
		{
			"from": [8.60607, 2.55, 7.69896],
			"to": [9.59607, 2.85, 8.39896],
			"rotation": {"angle": 45, "axis": "y", "origin": [9.10607, 2.75, 8.04896]},
			"faces": {
				"north": {"uv": [12, 0, 16, 4], "rotation": 180, "texture": "#0"},
				"east": {"uv": [12, 0, 16, 4], "rotation": 270, "texture": "#0"},
				"south": {"uv": [12, 0, 16, 4], "texture": "#0"},
				"west": {"uv": [12, 0, 16, 4], "rotation": 90, "texture": "#0"},
				"up": {"uv": [12, 0, 16, 4], "rotation": 180, "texture": "#0"},
				"down": {"uv": [12, 0, 16, 4], "texture": "#0"}
			}
		},
		{
			"from": [6.47499, 2.55, 7.52747],
			"to": [7.17499, 2.85, 8.51747],
			"rotation": {"angle": 45, "axis": "y", "origin": [6.89747, 2.75, 7.95]},
			"faces": {
				"north": {"uv": [12, 0, 16, 4], "rotation": 270, "texture": "#0"},
				"east": {"uv": [12, 0, 16, 4], "texture": "#0"},
				"south": {"uv": [12, 0, 16, 4], "rotation": 90, "texture": "#0"},
				"west": {"uv": [12, 0, 16, 4], "rotation": 180, "texture": "#0"},
				"up": {"uv": [12, 0, 16, 4], "rotation": 90, "texture": "#0"},
				"down": {"uv": [12, 0, 16, 4], "rotation": 90, "texture": "#0"}
			}
		},
		{
			"from": [6.47494, 2.55, 7.52753],
			"to": [7.46494, 2.85, 8.22753],
			"rotation": {"angle": 45, "axis": "y", "origin": [6.89747, 2.75, 7.95]},
			"faces": {
				"north": {"uv": [12, 0, 16, 4], "texture": "#0"},
				"east": {"uv": [12, 0, 16, 4], "rotation": 90, "texture": "#0"},
				"south": {"uv": [12, 0, 16, 4], "rotation": 180, "texture": "#0"},
				"west": {"uv": [12, 0, 16, 4], "rotation": 270, "texture": "#0"},
				"up": {"uv": [12, 0, 16, 4], "texture": "#0"},
				"down": {"uv": [12, 0, 16, 4], "rotation": 180, "texture": "#0"}
			}
		},
		{
			"from": [8.60607, 2.55, 7.50104],
			"to": [9.59607, 2.85, 8.20104],
			"rotation": {"angle": -45, "axis": "y", "origin": [9.10607, 2.75, 7.85104]},
			"faces": {
				"north": {"uv": [12, 0, 16, 4], "rotation": 180, "texture": "#0"},
				"east": {"uv": [12, 0, 16, 4], "rotation": 270, "texture": "#0"},
				"south": {"uv": [12, 0, 16, 4], "texture": "#0"},
				"west": {"uv": [12, 0, 16, 4], "rotation": 90, "texture": "#0"},
				"up": {"uv": [12, 0, 16, 4], "rotation": 180, "texture": "#0"},
				"down": {"uv": [12, 0, 16, 4], "texture": "#0"}
			}
		}
	],
	"display": {
		"thirdperson_righthand": {
			"rotation": [-180, 90, 0],
			"translation": [0, -9.5, 1]
		},
		"thirdperson_lefthand": {
			"scale": [0, 0, 0]
		},
		"firstperson_righthand": {
			"rotation": [-80, 15, -90],
			"translation": [13.5, 10, 2]
		},
		"firstperson_lefthand": {
			"scale": [0, 0, 0]
		},
		"ground": {
			"rotation": [90, 0, 90],
			"translation": [-4.5, 0, 0]
		},
		"gui": {
			"rotation": [-180, -180, -45],
			"translation": [-5.5, -6, 0],
			"scale": [2, 2, 2]
		},
		"head": {
			"rotation": [90, 0, 90],
			"translation": [-4, -42, 0]
		},
		"fixed": {
			"scale": [0, 0, 0]
		}
	},
	"groups": [
		{
			"name": "group",
			"origin": [7.98621, 0.98001, 12.425],
			"color": 0,
			"children": [0, 1, 2, 3, 4, 5, 6, 7, 8, 9, 10, 11]
		},
		{
			"name": "group",
			"origin": [9.10607, 2.75, 7.85104],
			"color": 0,
			"children": [12, 13, 14, 15, 16, 17, 18]
		}
	]
}