{
	"credit": "Made with Blockbench",
	"texture_size": [64, 64],
	"textures": {
		"0": "slot_5:item/c4/0",
		"particle": "slot_5:item/c4/0"
	},
	"elements": [
		{
			"from": [-1, 0, 2],
			"to": [17, 3, 14],
			"faces": {
				"north": {"uv": [16, 10.25, 11.5, 13.25], "texture": "#0"},
				"east": {"uv": [16, 10.25, 11.5, 13.25], "texture": "#0"},
				"south": {"uv": [16, 10.25, 11.5, 13.25], "texture": "#0"},
				"west": {"uv": [16, 10.25, 11.5, 13.25], "texture": "#0"},
				"up": {"uv": [16, 10.25, 11.5, 13.25], "texture": "#0"},
				"down": {"uv": [16, 10.25, 11.5, 13.25], "texture": "#0"}
			}
		},
		{
			"from": [0, 3, 4],
			"to": [9, 3.7, 12],
			"faces": {
				"north": {"uv": [0, 12.5, 0.75, 13.25], "texture": "#0"},
				"east": {"uv": [0, 12.5, 0.75, 13.25], "texture": "#0"},
				"south": {"uv": [0, 12.5, 0.75, 13.25], "texture": "#0"},
				"west": {"uv": [0, 12.5, 0.75, 13.25], "texture": "#0"},
				"up": {"uv": [0, 12.5, 0.75, 13.25], "texture": "#0"},
				"down": {"uv": [0, 12.5, 0.75, 13.25], "texture": "#0"}
			}
		},
		{
			"from": [12, 3, 4],
			"to": [15, 3.7, 5],
			"faces": {
				"north": {"uv": [14.75, 0, 16, 4.75], "rotation": 90, "texture": "#0"},
				"east": {"uv": [14.75, 0, 16, 4.75], "rotation": 90, "texture": "#0"},
				"south": {"uv": [14.75, 0, 16, 4.75], "rotation": 90, "texture": "#0"},
				"west": {"uv": [14.75, 0, 16, 4.75], "rotation": 90, "texture": "#0"},
				"up": {"uv": [0, 4.25, 0.5, 4.75], "rotation": 90, "texture": "#0"},
				"down": {"uv": [14.75, 0, 16, 4.75], "rotation": 90, "texture": "#0"}
			}
		},
		{
			"from": [12, 3, 5],
			"to": [15, 3.7, 6],
			"faces": {
				"north": {"uv": [14.75, 0, 16, 4.75], "rotation": 90, "texture": "#0"},
				"east": {"uv": [14.75, 0, 16, 4.75], "rotation": 90, "texture": "#0"},
				"south": {"uv": [14.75, 0, 16, 4.75], "rotation": 90, "texture": "#0"},
				"west": {"uv": [14.75, 0, 16, 4.75], "rotation": 90, "texture": "#0"},
				"up": {"uv": [0, 4.25, 0.5, 4.75], "rotation": 90, "texture": "#0"},
				"down": {"uv": [14.75, 0, 16, 4.75], "rotation": 90, "texture": "#0"}
			}
		},
		{
			"from": [12, 3, 6],
			"to": [15, 3.7, 7],
			"faces": {
				"north": {"uv": [14.75, 0, 16, 4.75], "rotation": 90, "texture": "#0"},
				"east": {"uv": [14.75, 0, 16, 4.75], "rotation": 90, "texture": "#0"},
				"south": {"uv": [14.75, 0, 16, 4.75], "rotation": 90, "texture": "#0"},
				"west": {"uv": [14.75, 0, 16, 4.75], "rotation": 90, "texture": "#0"},
				"up": {"uv": [0, 4.25, 0.5, 4.75], "rotation": 90, "texture": "#0"},
				"down": {"uv": [14.75, 0, 16, 4.75], "rotation": 90, "texture": "#0"}
			}
		},
		{
			"from": [12, 3, 7],
			"to": [15, 3.7, 8],
			"faces": {
				"north": {"uv": [14.75, 0, 16, 4.75], "rotation": 90, "texture": "#0"},
				"east": {"uv": [14.75, 0, 16, 4.75], "rotation": 90, "texture": "#0"},
				"south": {"uv": [14.75, 0, 16, 4.75], "rotation": 90, "texture": "#0"},
				"west": {"uv": [14.75, 0, 16, 4.75], "rotation": 90, "texture": "#0"},
				"up": {"uv": [0, 4.25, 0.5, 4.75], "rotation": 90, "texture": "#0"},
				"down": {"uv": [14.75, 0, 16, 4.75], "rotation": 90, "texture": "#0"}
			}
		},
		{
			"from": [12, 3, 8],
			"to": [15, 3.7, 9],
			"faces": {
				"north": {"uv": [14.75, 0, 16, 4.75], "rotation": 90, "texture": "#0"},
				"east": {"uv": [14.75, 0, 16, 4.75], "rotation": 90, "texture": "#0"},
				"south": {"uv": [14.75, 0, 16, 4.75], "rotation": 90, "texture": "#0"},
				"west": {"uv": [14.75, 0, 16, 4.75], "rotation": 90, "texture": "#0"},
				"up": {"uv": [0, 4.25, 0.5, 4.75], "rotation": 90, "texture": "#0"},
				"down": {"uv": [14.75, 0, 16, 4.75], "rotation": 90, "texture": "#0"}
			}
		},
		{
			"from": [12, 3, 9],
			"to": [15, 3.7, 10],
			"faces": {
				"north": {"uv": [14.75, 0, 16, 4.75], "rotation": 90, "texture": "#0"},
				"east": {"uv": [14.75, 0, 16, 4.75], "rotation": 90, "texture": "#0"},
				"south": {"uv": [14.75, 0, 16, 4.75], "rotation": 90, "texture": "#0"},
				"west": {"uv": [14.75, 0, 16, 4.75], "rotation": 90, "texture": "#0"},
				"up": {"uv": [0, 4.25, 0.5, 4.75], "rotation": 90, "texture": "#0"},
				"down": {"uv": [14.75, 0, 16, 4.75], "rotation": 90, "texture": "#0"}
			}
		},
		{
			"from": [12, 3, 10],
			"to": [15, 3.7, 11],
			"faces": {
				"north": {"uv": [14.75, 0, 16, 4.75], "rotation": 90, "texture": "#0"},
				"east": {"uv": [14.75, 0, 16, 4.75], "rotation": 90, "texture": "#0"},
				"south": {"uv": [14.75, 0, 16, 4.75], "rotation": 90, "texture": "#0"},
				"west": {"uv": [14.75, 0, 16, 4.75], "rotation": 90, "texture": "#0"},
				"up": {"uv": [0, 4.25, 0.5, 4.75], "rotation": 90, "texture": "#0"},
				"down": {"uv": [14.75, 0, 16, 4.75], "rotation": 90, "texture": "#0"}
			}
		},
		{
			"from": [12, 3, 11],
			"to": [15, 3.7, 12],
			"faces": {
				"north": {"uv": [14.75, 0, 16, 4.75], "rotation": 90, "texture": "#0"},
				"east": {"uv": [14.75, 0, 16, 4.75], "rotation": 90, "texture": "#0"},
				"south": {"uv": [14.75, 0, 16, 4.75], "rotation": 90, "texture": "#0"},
				"west": {"uv": [14.75, 0, 16, 4.75], "rotation": 90, "texture": "#0"},
				"up": {"uv": [0, 4.25, 0.5, 4.75], "rotation": 90, "texture": "#0"},
				"down": {"uv": [14.75, 0, 16, 4.75], "rotation": 90, "texture": "#0"}
			}
		},
		{
			"from": [12, 3, 12],
			"to": [15, 4, 13],
			"faces": {
				"north": {"uv": [0, 14.75, 1.25, 16], "rotation": 90, "texture": "#0"},
				"east": {"uv": [0, 14.75, 1.25, 16], "rotation": 90, "texture": "#0"},
				"south": {"uv": [0, 14.75, 1.25, 16], "rotation": 90, "texture": "#0"},
				"west": {"uv": [0, 14.75, 1.25, 16], "rotation": 90, "texture": "#0"},
				"up": {"uv": [0, 14.75, 1.25, 16], "rotation": 90, "texture": "#0"},
				"down": {"uv": [0, 14.75, 1.25, 16], "rotation": 90, "texture": "#0"}
			}
		},
		{
			"from": [11.1, 3, 3],
			"to": [12, 4, 13],
			"faces": {
				"north": {"uv": [0, 16, 1.25, 14.75], "texture": "#0"},
				"east": {"uv": [0, 16, 1.25, 14.75], "texture": "#0"},
				"south": {"uv": [0, 16, 1.25, 14.75], "texture": "#0"},
				"west": {"uv": [0, 16, 1.25, 14.75], "texture": "#0"},
				"up": {"uv": [0, 16, 1.25, 14.75], "texture": "#0"},
				"down": {"uv": [0, 16, 1.25, 14.75], "texture": "#0"}
			}
		},
		{
			"from": [15, 3, 3],
			"to": [15.9, 4, 13],
			"faces": {
				"north": {"uv": [0, 16, 1.25, 14.75], "texture": "#0"},
				"east": {"uv": [0, 16, 1.25, 14.75], "texture": "#0"},
				"south": {"uv": [0, 16, 1.25, 14.75], "texture": "#0"},
				"west": {"uv": [0, 16, 1.25, 14.75], "texture": "#0"},
				"up": {"uv": [0, 16, 1.25, 14.75], "texture": "#0"},
				"down": {"uv": [0, 16, 1.25, 14.75], "texture": "#0"}
			}
		},
		{
			"from": [12, 3, 3],
			"to": [15, 4, 4],
			"faces": {
				"north": {"uv": [0, 14.75, 1.25, 16], "rotation": 90, "texture": "#0"},
				"east": {"uv": [0, 14.75, 1.25, 16], "rotation": 90, "texture": "#0"},
				"south": {"uv": [0, 14.75, 1.25, 16], "rotation": 90, "texture": "#0"},
				"west": {"uv": [0, 14.75, 1.25, 16], "rotation": 90, "texture": "#0"},
				"up": {"uv": [0, 14.75, 1.25, 16], "rotation": 90, "texture": "#0"},
				"down": {"uv": [0, 14.75, 1.25, 16], "rotation": 90, "texture": "#0"}
			}
		},
		{
			"from": [0.6, 3.7, 7.2],
			"to": [2.2, 4.09, 8.8],
			"faces": {
				"north": {"uv": [15.25, 8.5, 15.9, 9.075], "texture": "#0"},
				"east": {"uv": [15.25, 8.5, 15.9, 9.075], "texture": "#0"},
				"south": {"uv": [15.25, 8.5, 15.9, 9.075], "texture": "#0"},
				"west": {"uv": [15.25, 8.5, 15.9, 9.075], "texture": "#0"},
				"up": {"uv": [15.25, 8.5, 15.9, 9.075], "texture": "#0"},
				"down": {"uv": [15.25, 8.5, 15.9, 9.075], "texture": "#0"}
			}
		},
		{
			"from": [4.7, 3.7, 5.1],
			"to": [6.1, 4.1, 6.5],
			"faces": {
				"north": {"uv": [15.5, 8.75, 16, 9.25], "rotation": 90, "texture": "#0"},
				"east": {"uv": [15.5, 8.75, 16, 9.25], "rotation": 90, "texture": "#0"},
				"south": {"uv": [15.5, 8.75, 16, 9.25], "rotation": 90, "texture": "#0"},
				"west": {"uv": [15.5, 8.75, 16, 9.25], "rotation": 90, "texture": "#0"},
				"up": {"uv": [6, 6, 7.25, 8], "rotation": 90, "texture": "#0"},
				"down": {"uv": [15.5, 8.75, 16, 9.25], "rotation": 90, "texture": "#0"}
			}
		},
		{
			"from": [6.7, 3.7, 9.5],
			"to": [8.1, 4.1, 10.9],
			"faces": {
				"north": {"uv": [15.5, 8.75, 16, 9.25], "rotation": 90, "texture": "#0"},
				"east": {"uv": [15.5, 8.75, 16, 9.25], "rotation": 90, "texture": "#0"},
				"south": {"uv": [15.5, 8.75, 16, 9.25], "rotation": 90, "texture": "#0"},
				"west": {"uv": [15.5, 8.75, 16, 9.25], "rotation": 90, "texture": "#0"},
				"up": {"uv": [4.5, 6, 5.75, 8], "rotation": 90, "texture": "#0"},
				"down": {"uv": [15.5, 8.75, 16, 9.25], "rotation": 90, "texture": "#0"}
			}
		},
		{
			"from": [6.7, 3.7, 7.3],
			"to": [8.1, 4.1, 8.7],
			"faces": {
				"north": {"uv": [15.5, 8.75, 16, 9.25], "rotation": 90, "texture": "#0"},
				"east": {"uv": [15.5, 8.75, 16, 9.25], "rotation": 90, "texture": "#0"},
				"south": {"uv": [15.5, 8.75, 16, 9.25], "rotation": 90, "texture": "#0"},
				"west": {"uv": [15.5, 8.75, 16, 9.25], "rotation": 90, "texture": "#0"},
				"up": {"uv": [3, 6, 4.25, 8], "rotation": 90, "texture": "#0"},
				"down": {"uv": [15.5, 8.75, 16, 9.25], "rotation": 90, "texture": "#0"}
			}
		},
		{
			"from": [0.7, 3.7, 7.3],
			"to": [2.1, 4.1, 8.7],
			"faces": {
				"north": {"uv": [15.5, 8.75, 16, 9.25], "rotation": 90, "texture": "#0"},
				"east": {"uv": [15.5, 8.75, 16, 9.25], "rotation": 90, "texture": "#0"},
				"south": {"uv": [15.5, 8.75, 16, 9.25], "rotation": 90, "texture": "#0"},
				"west": {"uv": [15.5, 8.75, 16, 9.25], "rotation": 90, "texture": "#0"},
				"up": {"uv": [0, 6, 1.25, 8], "rotation": 90, "texture": "#0"},
				"down": {"uv": [15.5, 8.75, 16, 9.25], "rotation": 90, "texture": "#0"}
			}
		},
		{
			"from": [6.7, 3.7, 5.1],
			"to": [8.1, 4.1, 6.5],
			"faces": {
				"north": {"uv": [15.5, 8.75, 16, 9.25], "rotation": 90, "texture": "#0"},
				"east": {"uv": [15.5, 8.75, 16, 9.25], "rotation": 90, "texture": "#0"},
				"south": {"uv": [15.5, 8.75, 16, 9.25], "rotation": 90, "texture": "#0"},
				"west": {"uv": [15.5, 8.75, 16, 9.25], "rotation": 90, "texture": "#0"},
				"up": {"uv": [1.5, 6, 2.75, 8], "rotation": 90, "texture": "#0"},
				"down": {"uv": [15.5, 8.75, 16, 9.25], "rotation": 90, "texture": "#0"}
			}
		},
		{
			"from": [2.7, 3.7, 9.5],
			"to": [4.1, 4.1, 10.9],
			"faces": {
				"north": {"uv": [15.5, 8.75, 16, 9.25], "rotation": 90, "texture": "#0"},
				"east": {"uv": [15.5, 8.75, 16, 9.25], "rotation": 90, "texture": "#0"},
				"south": {"uv": [15.5, 8.75, 16, 9.25], "rotation": 90, "texture": "#0"},
				"west": {"uv": [15.5, 8.75, 16, 9.25], "rotation": 90, "texture": "#0"},
				"up": {"uv": [13.5, 6, 14.75, 8], "rotation": 90, "texture": "#0"},
				"down": {"uv": [15.5, 8.75, 16, 9.25], "rotation": 90, "texture": "#0"}
			}
		},
		{
			"from": [2.7, 3.7, 7.3],
			"to": [4.1, 4.1, 8.7],
			"faces": {
				"north": {"uv": [15.5, 8.75, 16, 9.25], "rotation": 90, "texture": "#0"},
				"east": {"uv": [15.5, 8.75, 16, 9.25], "rotation": 90, "texture": "#0"},
				"south": {"uv": [15.5, 8.75, 16, 9.25], "rotation": 90, "texture": "#0"},
				"west": {"uv": [15.5, 8.75, 16, 9.25], "rotation": 90, "texture": "#0"},
				"up": {"uv": [12, 6, 13.25, 8], "rotation": 90, "texture": "#0"},
				"down": {"uv": [15.5, 8.75, 16, 9.25], "rotation": 90, "texture": "#0"}
			}
		},
		{
			"from": [2.7, 3.7, 5.1],
			"to": [4.1, 4.1, 6.5],
			"faces": {
				"north": {"uv": [15.5, 8.75, 16, 9.25], "rotation": 90, "texture": "#0"},
				"east": {"uv": [15.5, 8.75, 16, 9.25], "rotation": 90, "texture": "#0"},
				"south": {"uv": [15.5, 8.75, 16, 9.25], "rotation": 90, "texture": "#0"},
				"west": {"uv": [15.5, 8.75, 16, 9.25], "rotation": 90, "texture": "#0"},
				"up": {"uv": [10.5, 6, 11.75, 8], "rotation": 90, "texture": "#0"},
				"down": {"uv": [15.5, 8.75, 16, 9.25], "rotation": 90, "texture": "#0"}
			}
		},
		{
			"from": [4.7, 3.7, 7.3],
			"to": [6.1, 4.1, 8.7],
			"faces": {
				"north": {"uv": [15.5, 8.75, 16, 9.25], "rotation": 90, "texture": "#0"},
				"east": {"uv": [15.5, 8.75, 16, 9.25], "rotation": 90, "texture": "#0"},
				"south": {"uv": [15.5, 8.75, 16, 9.25], "rotation": 90, "texture": "#0"},
				"west": {"uv": [15.5, 8.75, 16, 9.25], "rotation": 90, "texture": "#0"},
				"up": {"uv": [7.5, 6, 8.75, 8], "rotation": 90, "texture": "#0"},
				"down": {"uv": [15.5, 8.75, 16, 9.25], "rotation": 90, "texture": "#0"}
			}
		},
		{
			"from": [4.7, 3.7, 9.5],
			"to": [6.1, 4.1, 10.9],
			"faces": {
				"north": {"uv": [15.5, 8.75, 16, 9.25], "rotation": 90, "texture": "#0"},
				"east": {"uv": [15.5, 8.75, 16, 9.25], "rotation": 90, "texture": "#0"},
				"south": {"uv": [15.5, 8.75, 16, 9.25], "rotation": 90, "texture": "#0"},
				"west": {"uv": [15.5, 8.75, 16, 9.25], "rotation": 90, "texture": "#0"},
				"up": {"uv": [9, 6, 10.25, 8], "rotation": 90, "texture": "#0"},
				"down": {"uv": [15.5, 8.75, 16, 9.25], "rotation": 90, "texture": "#0"}
			}
		},
		{
			"from": [4.6, 3.7, 5],
			"to": [6.2, 4.09, 6.6],
			"faces": {
				"north": {"uv": [15.25, 8.5, 15.9, 9.075], "texture": "#0"},
				"east": {"uv": [15.25, 8.5, 15.9, 9.075], "texture": "#0"},
				"south": {"uv": [15.25, 8.5, 15.9, 9.075], "texture": "#0"},
				"west": {"uv": [15.25, 8.5, 15.9, 9.075], "texture": "#0"},
				"up": {"uv": [15.25, 8.5, 15.9, 9.075], "texture": "#0"},
				"down": {"uv": [15.25, 8.5, 15.9, 9.075], "texture": "#0"}
			}
		},
		{
			"from": [6.6, 3.7, 9.4],
			"to": [8.2, 4.09, 11],
			"faces": {
				"north": {"uv": [15.25, 8.5, 15.9, 9.075], "texture": "#0"},
				"east": {"uv": [15.25, 8.5, 15.9, 9.075], "texture": "#0"},
				"south": {"uv": [15.25, 8.5, 15.9, 9.075], "texture": "#0"},
				"west": {"uv": [15.25, 8.5, 15.9, 9.075], "texture": "#0"},
				"up": {"uv": [15.25, 8.5, 15.9, 9.075], "texture": "#0"},
				"down": {"uv": [15.25, 8.5, 15.9, 9.075], "texture": "#0"}
			}
		},
		{
			"from": [6.6, 3.7, 7.2],
			"to": [8.2, 4.09, 8.8],
			"faces": {
				"north": {"uv": [15.25, 8.5, 15.9, 9.075], "texture": "#0"},
				"east": {"uv": [15.25, 8.5, 15.9, 9.075], "texture": "#0"},
				"south": {"uv": [15.25, 8.5, 15.9, 9.075], "texture": "#0"},
				"west": {"uv": [15.25, 8.5, 15.9, 9.075], "texture": "#0"},
				"up": {"uv": [15.25, 8.5, 15.9, 9.075], "texture": "#0"},
				"down": {"uv": [15.25, 8.5, 15.9, 9.075], "texture": "#0"}
			}
		},
		{
			"from": [6.6, 3.7, 5],
			"to": [8.2, 4.09, 6.6],
			"faces": {
				"north": {"uv": [15.25, 8.5, 15.9, 9.075], "texture": "#0"},
				"east": {"uv": [15.25, 8.5, 15.9, 9.075], "texture": "#0"},
				"south": {"uv": [15.25, 8.5, 15.9, 9.075], "texture": "#0"},
				"west": {"uv": [15.25, 8.5, 15.9, 9.075], "texture": "#0"},
				"up": {"uv": [15.25, 8.5, 15.9, 9.075], "texture": "#0"},
				"down": {"uv": [15.25, 8.5, 15.9, 9.075], "texture": "#0"}
			}
		},
		{
			"from": [2.6, 3.7, 5],
			"to": [4.2, 4.09, 6.6],
			"faces": {
				"north": {"uv": [15.25, 8.5, 15.9, 9.075], "texture": "#0"},
				"east": {"uv": [15.25, 8.5, 15.9, 9.075], "texture": "#0"},
				"south": {"uv": [15.25, 8.5, 15.9, 9.075], "texture": "#0"},
				"west": {"uv": [15.25, 8.5, 15.9, 9.075], "texture": "#0"},
				"up": {"uv": [15.25, 8.5, 15.9, 9.075], "texture": "#0"},
				"down": {"uv": [15.25, 8.5, 15.9, 9.075], "texture": "#0"}
			}
		},
		{
			"from": [2.6, 3.7, 7.2],
			"to": [4.2, 4.09, 8.8],
			"faces": {
				"north": {"uv": [15.25, 8.5, 15.9, 9.075], "texture": "#0"},
				"east": {"uv": [15.25, 8.5, 15.9, 9.075], "texture": "#0"},
				"south": {"uv": [15.25, 8.5, 15.9, 9.075], "texture": "#0"},
				"west": {"uv": [15.25, 8.5, 15.9, 9.075], "texture": "#0"},
				"up": {"uv": [15.25, 8.5, 15.9, 9.075], "texture": "#0"},
				"down": {"uv": [15.25, 8.5, 15.9, 9.075], "texture": "#0"}
			}
		},
		{
			"from": [4.6, 3.7, 7.2],
			"to": [6.2, 4.09, 8.8],
			"faces": {
				"north": {"uv": [15.25, 8.5, 15.9, 9.075], "texture": "#0"},
				"east": {"uv": [15.25, 8.5, 15.9, 9.075], "texture": "#0"},
				"south": {"uv": [15.25, 8.5, 15.9, 9.075], "texture": "#0"},
				"west": {"uv": [15.25, 8.5, 15.9, 9.075], "texture": "#0"},
				"up": {"uv": [15.25, 8.5, 15.9, 9.075], "texture": "#0"},
				"down": {"uv": [15.25, 8.5, 15.9, 9.075], "texture": "#0"}
			}
		},
		{
			"from": [4.6, 3.7, 9.4],
			"to": [6.2, 4.09, 11],
			"faces": {
				"north": {"uv": [15.25, 8.5, 15.9, 9.075], "texture": "#0"},
				"east": {"uv": [15.25, 8.5, 15.9, 9.075], "texture": "#0"},
				"south": {"uv": [15.25, 8.5, 15.9, 9.075], "texture": "#0"},
				"west": {"uv": [15.25, 8.5, 15.9, 9.075], "texture": "#0"},
				"up": {"uv": [15.25, 8.5, 15.9, 9.075], "texture": "#0"},
				"down": {"uv": [15.25, 8.5, 15.9, 9.075], "texture": "#0"}
			}
		},
		{
			"from": [2.6, 3.7, 9.4],
			"to": [4.2, 4.09, 11],
			"faces": {
				"north": {"uv": [15.25, 8.5, 15.9, 9.075], "texture": "#0"},
				"east": {"uv": [15.25, 8.5, 15.9, 9.075], "texture": "#0"},
				"south": {"uv": [15.25, 8.5, 15.9, 9.075], "texture": "#0"},
				"west": {"uv": [15.25, 8.5, 15.9, 9.075], "texture": "#0"},
				"up": {"uv": [15.25, 8.5, 15.9, 9.075], "texture": "#0"},
				"down": {"uv": [15.25, 8.5, 15.9, 9.075], "texture": "#0"}
			}
		},
		{
			"from": [0.9, 3.7, 9.7],
			"to": [1.9, 4, 10.7],
			"faces": {
				"north": {"uv": [0.75, 13.25, 1.5, 12.6], "texture": "#0"},
				"east": {"uv": [0.75, 13.25, 1.5, 12.6], "texture": "#0"},
				"south": {"uv": [0.75, 13.25, 1.5, 12.6], "texture": "#0"},
				"west": {"uv": [0.75, 13.25, 1.5, 12.6], "texture": "#0"},
				"up": {"uv": [0.75, 13.25, 1.5, 12.6], "texture": "#0"},
				"down": {"uv": [0.75, 13.25, 1.5, 12.6], "texture": "#0"}
			}
		},
		{
			"from": [0.9, 3.7, 5.3],
			"to": [1.9, 4, 6.3],
			"faces": {
				"north": {"uv": [1.5, 13.25, 2.25, 12.6], "texture": "#0"},
				"east": {"uv": [1.5, 13.25, 2.25, 12.6], "texture": "#0"},
				"south": {"uv": [1.5, 13.25, 2.25, 12.6], "texture": "#0"},
				"west": {"uv": [1.5, 13.25, 2.25, 12.6], "texture": "#0"},
				"up": {"uv": [1.5, 13.25, 2.25, 12.6], "texture": "#0"},
				"down": {"uv": [1.5, 13.25, 2.25, 12.6], "texture": "#0"}
			}
		},
		{
			"from": [0.5, 3, 12],
			"to": [1.7, 3.4, 14],
			"faces": {
				"north": {"uv": [0, 13.25, 1.75, 14.75], "rotation": 90, "texture": "#0"},
				"east": {"uv": [0, 13.25, 1.75, 13.5], "texture": "#0"},
				"south": {"uv": [0, 13.25, 1.75, 14.75], "rotation": 90, "texture": "#0"},
				"west": {"uv": [0, 13.25, 0.75, 13.5], "texture": "#0"},
				"up": {"uv": [0, 13.25, 16, 14.75], "rotation": 90, "texture": "#0"},
				"down": {"uv": [0, 13.25, 16, 14.75], "texture": "#0"}
			}
		},
		{
			"from": [0.83701, 3, 13.69427],
			"to": [2.03701, 3.39, 15.69427],
			"rotation": {"angle": 22.5, "axis": "y", "origin": [1.43701, 3.2, 14.69427]},
			"faces": {
				"north": {"uv": [0, 13.25, 1.75, 14.75], "rotation": 90, "texture": "#0"},
				"east": {"uv": [0, 13.25, 1.75, 13.5], "texture": "#0"},
				"south": {"uv": [0, 13.25, 1.75, 14.75], "rotation": 90, "texture": "#0"},
				"west": {"uv": [0, 13.25, 0.75, 13.5], "texture": "#0"},
				"up": {"uv": [0, 13.25, 16, 14.75], "rotation": 90, "texture": "#0"},
				"down": {"uv": [0, 13.25, 16, 14.75], "texture": "#0"}
			}
		},
		{
			"from": [1.79674, 3, 15.1306],
			"to": [2.99674, 3.4, 17.1306],
			"rotation": {"angle": 45, "axis": "y", "origin": [2.39674, 3.195, 16.1306]},
			"faces": {
				"north": {"uv": [0, 13.25, 1.75, 14.75], "rotation": 90, "texture": "#0"},
				"east": {"uv": [0, 13.25, 1.75, 13.5], "texture": "#0"},
				"south": {"uv": [0, 13.25, 1.75, 14.75], "rotation": 90, "texture": "#0"},
				"west": {"uv": [0, 13.25, 0.75, 13.5], "texture": "#0"},
				"up": {"uv": [0, 13.25, 16, 14.75], "rotation": 90, "texture": "#0"},
				"down": {"uv": [0, 13.25, 16, 14.75], "texture": "#0"}
			}
		},
		{
			"from": [2.52734, 3, 16.15332],
			"to": [3.52734, 3.39, 17.35332],
			"rotation": {"angle": -22.5, "axis": "y", "origin": [2.83307, 3, 17.69033]},
			"faces": {
				"north": {"uv": [0, 13.25, 1.75, 13.5], "texture": "#0"},
				"east": {"uv": [0, 13.25, 1.75, 14.75], "rotation": 90, "texture": "#0"},
				"south": {"uv": [0, 13.25, 0.75, 13.5], "texture": "#0"},
				"west": {"uv": [0, 13.25, 1.75, 14.75], "rotation": 90, "texture": "#0"},
				"up": {"uv": [0, 13.25, 16, 14.75], "texture": "#0"},
				"down": {"uv": [0, 13.25, 16, 14.75], "rotation": 90, "texture": "#0"}
			}
		},
		{
			"from": [4.33579, 3, 16.29899],
			"to": [5.33579, 3.39, 17.49899],
			"rotation": {"angle": 22.5, "axis": "y", "origin": [4.83579, 3.195, 16.89899]},
			"faces": {
				"north": {"uv": [0, 13.25, 1.75, 13.5], "texture": "#0"},
				"east": {"uv": [0, 13.25, 1.75, 14.75], "rotation": 90, "texture": "#0"},
				"south": {"uv": [0, 13.25, 0.75, 13.5], "texture": "#0"},
				"west": {"uv": [0, 13.25, 1.75, 14.75], "rotation": 90, "texture": "#0"},
				"up": {"uv": [0, 13.25, 16, 14.75], "texture": "#0"},
				"down": {"uv": [0, 13.25, 16, 14.75], "rotation": 90, "texture": "#0"}
			}
		},
		{
			"from": [4.95663, 3, 15.88416],
			"to": [5.95663, 3.4, 17.08416],
			"rotation": {"angle": 45, "axis": "y", "origin": [5.45663, 3.2, 16.48416]},
			"faces": {
				"north": {"uv": [0, 13.25, 1.75, 13.5], "texture": "#0"},
				"east": {"uv": [0, 13.25, 1.75, 14.75], "rotation": 90, "texture": "#0"},
				"south": {"uv": [0, 13.25, 0.75, 13.5], "texture": "#0"},
				"west": {"uv": [0, 13.25, 1.75, 14.75], "rotation": 90, "texture": "#0"},
				"up": {"uv": [0, 13.25, 16, 14.75], "texture": "#0"},
				"down": {"uv": [0, 13.25, 16, 14.75], "rotation": 90, "texture": "#0"}
			}
		},
		{
			"from": [5.27146, 3, 14.36332],
			"to": [6.47146, 3.39, 16.36332],
			"rotation": {"angle": -22.5, "axis": "y", "origin": [5.87146, 3.2, 15.86332]},
			"faces": {
				"north": {"uv": [0, 13.25, 1.75, 14.75], "rotation": 90, "texture": "#0"},
				"east": {"uv": [0, 13.25, 0.75, 13.5], "texture": "#0"},
				"south": {"uv": [0, 13.25, 1.75, 14.75], "rotation": 90, "texture": "#0"},
				"west": {"uv": [0, 13.25, 1.75, 13.5], "texture": "#0"},
				"up": {"uv": [0, 13.25, 16, 14.75], "rotation": 270, "texture": "#0"},
				"down": {"uv": [0, 13.25, 16, 14.75], "rotation": 180, "texture": "#0"}
			}
		},
		{
			"from": [5.65476, 3, 11.8186],
			"to": [6.85476, 3.4, 13.8186],
			"rotation": {"angle": -45, "axis": "y", "origin": [5.25476, 3.2, 14.3186]},
			"faces": {
				"north": {"uv": [0, 13.25, 1.75, 14.75], "rotation": 90, "texture": "#0"},
				"east": {"uv": [0, 13.25, 0.75, 13.5], "texture": "#0"},
				"south": {"uv": [0, 13.25, 1.75, 14.75], "rotation": 90, "texture": "#0"},
				"west": {"uv": [0, 13.25, 1.75, 13.5], "texture": "#0"},
				"up": {"uv": [0, 13.25, 16, 14.75], "rotation": 270, "texture": "#0"},
				"down": {"uv": [0, 13.25, 16, 14.75], "rotation": 180, "texture": "#0"}
			}
		},
		{
			"from": [7.45886, 3, 12.40532],
			"to": [10.35886, 3.39, 13.60532],
			"rotation": {"angle": 22.5, "axis": "y", "origin": [8.45886, 3.195, 13.00532]},
			"faces": {
				"north": {"uv": [0, 13.25, 1.75, 13.5], "texture": "#0"},
				"east": {"uv": [0, 13.25, 1.75, 14.75], "rotation": 90, "texture": "#0"},
				"south": {"uv": [0, 13.25, 0.75, 13.5], "texture": "#0"},
				"west": {"uv": [0, 13.25, 1.75, 14.75], "rotation": 90, "texture": "#0"},
				"up": {"uv": [0, 13.25, 16, 14.75], "texture": "#0"},
				"down": {"uv": [0, 13.25, 16, 14.75], "rotation": 90, "texture": "#0"}
			}
		},
		{
			"from": [9.98462, 3, 11.72389],
			"to": [11.88462, 3.4, 12.92389],
			"rotation": {"angle": 0, "axis": "y", "origin": [10.43462, 3.2, 12.32389]},
			"faces": {
				"north": {"uv": [0, 13.25, 1.75, 13.5], "texture": "#0"},
				"east": {"uv": [0, 13.25, 1.75, 14.75], "rotation": 90, "texture": "#0"},
				"south": {"uv": [0, 13.25, 0.75, 13.5], "texture": "#0"},
				"west": {"uv": [0, 13.25, 1.75, 14.75], "rotation": 90, "texture": "#0"},
				"up": {"uv": [0, 13.25, 16, 14.75], "texture": "#0"},
				"down": {"uv": [0, 13.25, 16, 14.75], "rotation": 90, "texture": "#0"}
			}
		},
		{
			"from": [3.60346, 3, 16.44466],
			"to": [4.60346, 3.4, 17.64466],
			"rotation": {"angle": 0, "axis": "y", "origin": [3.10346, 3.195, 17.04466]},
			"faces": {
				"north": {"uv": [0, 13.25, 1.75, 13.5], "texture": "#0"},
				"east": {"uv": [0, 13.25, 1.75, 14.75], "rotation": 90, "texture": "#0"},
				"south": {"uv": [0, 13.25, 0.75, 13.5], "texture": "#0"},
				"west": {"uv": [0, 13.25, 1.75, 14.75], "rotation": 90, "texture": "#0"},
				"up": {"uv": [0, 13.25, 16, 14.75], "texture": "#0"},
				"down": {"uv": [0, 13.25, 16, 14.75], "rotation": 90, "texture": "#0"}
			}
		}
	],
	"display": {
		"thirdperson_righthand": {
			"rotation": [0, 90, 92],
			"translation": [0, 0, 2.5],
			"scale": [0.5, 0.5, 0.5]
		},
		"thirdperson_lefthand": {
			"scale": [0, 0, 0]
		},
		"firstperson_righthand": {
			"rotation": [14, 90, 0],
			"translation": [-7.5, 3.5, -2],
			"scale": [0.5, 0.5, 0.5]
		},
		"firstperson_lefthand": {
			"scale": [0, 0, 0]
		},
		"ground": {
			"scale": [0, 0, 0]
		},
		"gui": {
			"rotation": [0, 90, 90],
			"scale": [0.8, 0.8, 0.8]
		},
		"head": {
			"rotation": [0, -90, 0],
			"translation": [0, -39, 0],
			"scale": [0.5, 0.5, 0.5]
		},
		"fixed": {
			"rotation": [0, -90, 90],
			"translation": [0, 0, -5],
			"scale": [0.7, 0.7, 0.7]
		}
	},
	"groups": [
		0,
		1,
		{
			"name": "group",
			"origin": [0, 0, 0],
			"color": 0,
			"nbt": "{}",
			"armAnimationEnabled": false,
			"children": [2, 3, 4, 5, 6, 7, 8, 9]
		},
		{
			"name": "group",
			"origin": [0, 0, 0],
			"color": 0,
			"nbt": "{}",
			"armAnimationEnabled": false,
			"children": [10, 11, 12, 13]
		},
		{
			"name": "group",
			"origin": [0, 0, 0],
			"color": 0,
			"nbt": "{}",
			"armAnimationEnabled": false,
			"children": [14, 15, 16, 17, 18, 19, 20, 21, 22, 23, 24, 25, 26, 27, 28, 29, 30, 31, 32, 33, 34, 35]
		},
		{
			"name": "group",
			"origin": [0, 0, 0],
			"color": 0,
			"nbt": "{}",
			"armAnimationEnabled": false,
			"children": [36, 37, 38, 39, 40, 41, 42, 43, 44, 45, 46]
		}
	]
}