{
	"credit": "Made with Blockbench",
	"textures": {
		"0": "slot_1:item/famas/0",
		"particle": "slot_1:item/famas/0"
	},
	"elements": [
		{
			"from": [8.5, 8.8, 5],
			"to": [8.7, 9, 10],
			"faces": {
				"north": {"uv": [12, 4, 16, 8], "texture": "#0"},
				"east": {"uv": [12, 4, 16, 8], "texture": "#0"},
				"south": {"uv": [12, 4, 16, 8], "texture": "#0"},
				"west": {"uv": [12, 4, 16, 8], "texture": "#0"},
				"up": {"uv": [12, 4, 16, 8], "texture": "#0"},
				"down": {"uv": [12, 4, 16, 8], "texture": "#0"}
			}
		},
		{
			"from": [7, 4.3, 0.9],
			"to": [9, 6, 15],
			"faces": {
				"north": {"uv": [8, 4, 12, 8], "texture": "#0"},
				"east": {"uv": [8, 4, 12, 8], "texture": "#0"},
				"south": {"uv": [8, 4, 12, 8], "texture": "#0"},
				"west": {"uv": [8, 4, 12, 8], "texture": "#0"},
				"up": {"uv": [8, 4, 12, 8], "texture": "#0"},
				"down": {"uv": [8, 4, 12, 8], "texture": "#0"}
			}
		},
		{
			"from": [7.01, 4.3318, 0.90104],
			"to": [8.99, 5.0318, 1.30104],
			"rotation": {"angle": -45, "axis": "x", "origin": [8, 4.3818, 1.10104]},
			"faces": {
				"north": {"uv": [8, 4, 12, 8], "texture": "#0"},
				"east": {"uv": [8, 4, 12, 8], "texture": "#0"},
				"south": {"uv": [8, 4, 12, 8], "texture": "#0"},
				"west": {"uv": [8, 4, 12, 8], "texture": "#0"},
				"up": {"uv": [8, 4, 12, 8], "texture": "#0"},
				"down": {"uv": [8, 4, 12, 8], "texture": "#0"}
			}
		},
		{
			"from": [7, 4.7, 0.4],
			"to": [9, 6, 0.9],
			"rotation": {"angle": 0, "axis": "y", "origin": [8, 5.35, 0.7]},
			"faces": {
				"north": {"uv": [8, 4, 12, 8], "texture": "#0"},
				"east": {"uv": [8, 4, 12, 8], "texture": "#0"},
				"south": {"uv": [8, 4, 12, 8], "texture": "#0"},
				"west": {"uv": [8, 4, 12, 8], "texture": "#0"},
				"up": {"uv": [8, 4, 12, 8], "texture": "#0"},
				"down": {"uv": [8, 4, 12, 8], "texture": "#0"}
			}
		},
		{
			"from": [7.4, 4.3, 0.5],
			"to": [8.6, 5.1, 0.9],
			"rotation": {"angle": 0, "axis": "y", "origin": [8, 5.35, 0.7]},
			"faces": {
				"north": {"uv": [12, 0, 16, 4], "texture": "#0"},
				"east": {"uv": [12, 0, 16, 4], "texture": "#0"},
				"south": {"uv": [12, 0, 16, 4], "texture": "#0"},
				"west": {"uv": [12, 0, 16, 4], "texture": "#0"},
				"up": {"uv": [12, 0, 16, 4], "texture": "#0"},
				"down": {"uv": [12, 0, 16, 4], "texture": "#0"}
			}
		},
		{
			"from": [7.6, 4.3, 0.2],
			"to": [8.4, 5.1, 0.5],
			"rotation": {"angle": 0, "axis": "y", "origin": [8, 5.35, 0.7]},
			"faces": {
				"north": {"uv": [12, 0, 16, 4], "texture": "#0"},
				"east": {"uv": [12, 0, 16, 4], "texture": "#0"},
				"south": {"uv": [12, 0, 16, 4], "texture": "#0"},
				"west": {"uv": [12, 0, 16, 4], "texture": "#0"},
				"up": {"uv": [12, 0, 16, 4], "texture": "#0"},
				"down": {"uv": [12, 0, 16, 4], "texture": "#0"}
			}
		},
		{
			"from": [7.3, 4, -0.5],
			"to": [8.7, 5.4, 0.2],
			"rotation": {"angle": 0, "axis": "y", "origin": [0, 0, 0.1]},
			"faces": {
				"north": {"uv": [8, 8, 12, 12], "texture": "#0"},
				"east": {"uv": [8, 8, 12, 12], "texture": "#0"},
				"south": {"uv": [8, 8, 12, 12], "texture": "#0"},
				"west": {"uv": [8, 8, 12, 12], "texture": "#0"},
				"up": {"uv": [8, 8, 12, 12], "texture": "#0"},
				"down": {"uv": [8, 8, 12, 12], "texture": "#0"}
			}
		},
		{
			"from": [7.5, 4.2, -1],
			"to": [8.5, 5.2, -0.5],
			"rotation": {"angle": 0, "axis": "y", "origin": [0, 0, 0.1]},
			"faces": {
				"north": {"uv": [12, 8, 16, 12], "texture": "#0"},
				"east": {"uv": [12, 8, 16, 12], "texture": "#0"},
				"south": {"uv": [12, 8, 16, 12], "texture": "#0"},
				"west": {"uv": [12, 8, 16, 12], "texture": "#0"},
				"up": {"uv": [12, 8, 16, 12], "texture": "#0"},
				"down": {"uv": [12, 8, 16, 12], "texture": "#0"}
			}
		},
		{
			"from": [7.7, 4.4, -5.7],
			"to": [8.3, 5, -1],
			"rotation": {"angle": 0, "axis": "y", "origin": [0, 0, 0.1]},
			"faces": {
				"north": {"uv": [4, 0, 8, 4], "texture": "#0"},
				"east": {"uv": [4, 0, 8, 4], "texture": "#0"},
				"south": {"uv": [4, 0, 8, 4], "texture": "#0"},
				"west": {"uv": [4, 0, 8, 4], "texture": "#0"},
				"up": {"uv": [4, 0, 8, 4], "texture": "#0"},
				"down": {"uv": [4, 0, 8, 4], "texture": "#0"}
			}
		},
		{
			"from": [7.6, 4.3, -1.4],
			"to": [8.4, 5.1, -1.2],
			"rotation": {"angle": 0, "axis": "y", "origin": [0, 0, 0.1]},
			"faces": {
				"north": {"uv": [8, 4, 12, 8], "texture": "#0"},
				"east": {"uv": [8, 4, 12, 8], "texture": "#0"},
				"south": {"uv": [8, 4, 12, 8], "texture": "#0"},
				"west": {"uv": [8, 4, 12, 8], "texture": "#0"},
				"up": {"uv": [8, 4, 12, 8], "texture": "#0"},
				"down": {"uv": [8, 4, 12, 8], "texture": "#0"}
			}
		},
		{
			"from": [7.6, 4.3, -1.7],
			"to": [8.4, 5.1, -1.5],
			"rotation": {"angle": 0, "axis": "y", "origin": [0, 0, 0.1]},
			"faces": {
				"north": {"uv": [8, 4, 12, 8], "texture": "#0"},
				"east": {"uv": [8, 4, 12, 8], "texture": "#0"},
				"south": {"uv": [8, 4, 12, 8], "texture": "#0"},
				"west": {"uv": [8, 4, 12, 8], "texture": "#0"},
				"up": {"uv": [8, 4, 12, 8], "texture": "#0"},
				"down": {"uv": [8, 4, 12, 8], "texture": "#0"}
			}
		},
		{
			"from": [7.6, 4.3, -2.3],
			"to": [8.4, 5.1, -2.1],
			"rotation": {"angle": 0, "axis": "y", "origin": [0, 0, 0.1]},
			"faces": {
				"north": {"uv": [8, 4, 12, 8], "texture": "#0"},
				"east": {"uv": [8, 4, 12, 8], "texture": "#0"},
				"south": {"uv": [8, 4, 12, 8], "texture": "#0"},
				"west": {"uv": [8, 4, 12, 8], "texture": "#0"},
				"up": {"uv": [8, 4, 12, 8], "texture": "#0"},
				"down": {"uv": [8, 4, 12, 8], "texture": "#0"}
			}
		},
		{
			"from": [7.6, 4.3, -2],
			"to": [8.4, 5.1, -1.8],
			"rotation": {"angle": 0, "axis": "y", "origin": [0, 0, 0.1]},
			"faces": {
				"north": {"uv": [8, 4, 12, 8], "texture": "#0"},
				"east": {"uv": [8, 4, 12, 8], "texture": "#0"},
				"south": {"uv": [8, 4, 12, 8], "texture": "#0"},
				"west": {"uv": [8, 4, 12, 8], "texture": "#0"},
				"up": {"uv": [8, 4, 12, 8], "texture": "#0"},
				"down": {"uv": [8, 4, 12, 8], "texture": "#0"}
			}
		},
		{
			"from": [7.6, 4.3, -3.5],
			"to": [8.4, 5.1, -3.3],
			"rotation": {"angle": 0, "axis": "y", "origin": [0, 0, 0.1]},
			"faces": {
				"north": {"uv": [8, 4, 12, 8], "texture": "#0"},
				"east": {"uv": [8, 4, 12, 8], "texture": "#0"},
				"south": {"uv": [8, 4, 12, 8], "texture": "#0"},
				"west": {"uv": [8, 4, 12, 8], "texture": "#0"},
				"up": {"uv": [8, 4, 12, 8], "texture": "#0"},
				"down": {"uv": [8, 4, 12, 8], "texture": "#0"}
			}
		},
		{
			"from": [7.6, 4.3, -3.2],
			"to": [8.4, 5.1, -3],
			"rotation": {"angle": 0, "axis": "y", "origin": [0, 0, 0.1]},
			"faces": {
				"north": {"uv": [8, 4, 12, 8], "texture": "#0"},
				"east": {"uv": [8, 4, 12, 8], "texture": "#0"},
				"south": {"uv": [8, 4, 12, 8], "texture": "#0"},
				"west": {"uv": [8, 4, 12, 8], "texture": "#0"},
				"up": {"uv": [8, 4, 12, 8], "texture": "#0"},
				"down": {"uv": [8, 4, 12, 8], "texture": "#0"}
			}
		},
		{
			"from": [7.6, 4.3, -3.8],
			"to": [8.4, 5.1, -3.6],
			"rotation": {"angle": 0, "axis": "y", "origin": [0, 0, 0.1]},
			"faces": {
				"north": {"uv": [8, 4, 12, 8], "texture": "#0"},
				"east": {"uv": [8, 4, 12, 8], "texture": "#0"},
				"south": {"uv": [8, 4, 12, 8], "texture": "#0"},
				"west": {"uv": [8, 4, 12, 8], "texture": "#0"},
				"up": {"uv": [8, 4, 12, 8], "texture": "#0"},
				"down": {"uv": [8, 4, 12, 8], "texture": "#0"}
			}
		},
		{
			"from": [7.6, 4.3, -4.8],
			"to": [8.4, 5.1, -4.2],
			"rotation": {"angle": 0, "axis": "y", "origin": [0, 0, 0.1]},
			"faces": {
				"north": {"uv": [8, 4, 12, 8], "texture": "#0"},
				"east": {"uv": [8, 4, 12, 8], "texture": "#0"},
				"south": {"uv": [8, 4, 12, 8], "texture": "#0"},
				"west": {"uv": [8, 4, 12, 8], "texture": "#0"},
				"up": {"uv": [8, 4, 12, 8], "texture": "#0"},
				"down": {"uv": [8, 4, 12, 8], "texture": "#0"}
			}
		},
		{
			"from": [7.5, 4.2, -7.6],
			"to": [8.5, 5.2, -4.8],
			"rotation": {"angle": 45, "axis": "z", "origin": [8, 4.7, -5.1]},
			"faces": {
				"north": {"uv": [4, 4, 8, 8], "texture": "#0"},
				"east": {"uv": [8, 4, 12, 8], "texture": "#0"},
				"south": {"uv": [8, 4, 12, 8], "texture": "#0"},
				"west": {"uv": [8, 4, 12, 8], "texture": "#0"},
				"up": {"uv": [8, 4, 12, 8], "texture": "#0"},
				"down": {"uv": [8, 4, 12, 8], "texture": "#0"}
			}
		},
		{
			"from": [7.6, 4.3, -4.1],
			"to": [8.4, 5.1, -3.9],
			"rotation": {"angle": 0, "axis": "y", "origin": [0, 0, 0.1]},
			"faces": {
				"north": {"uv": [8, 4, 12, 8], "texture": "#0"},
				"east": {"uv": [8, 4, 12, 8], "texture": "#0"},
				"south": {"uv": [8, 4, 12, 8], "texture": "#0"},
				"west": {"uv": [8, 4, 12, 8], "texture": "#0"},
				"up": {"uv": [8, 4, 12, 8], "texture": "#0"},
				"down": {"uv": [8, 4, 12, 8], "texture": "#0"}
			}
		},
		{
			"from": [7.6, 4.3, -2.9],
			"to": [8.4, 5.1, -2.7],
			"rotation": {"angle": 0, "axis": "y", "origin": [0, 0, 0.1]},
			"faces": {
				"north": {"uv": [8, 4, 12, 8], "texture": "#0"},
				"east": {"uv": [8, 4, 12, 8], "texture": "#0"},
				"south": {"uv": [8, 4, 12, 8], "texture": "#0"},
				"west": {"uv": [8, 4, 12, 8], "texture": "#0"},
				"up": {"uv": [8, 4, 12, 8], "texture": "#0"},
				"down": {"uv": [8, 4, 12, 8], "texture": "#0"}
			}
		},
		{
			"from": [7.6, 4.3, -2.6],
			"to": [8.4, 5.1, -2.4],
			"rotation": {"angle": 0, "axis": "y", "origin": [0, 0, 0.1]},
			"faces": {
				"north": {"uv": [8, 4, 12, 8], "texture": "#0"},
				"east": {"uv": [8, 4, 12, 8], "texture": "#0"},
				"south": {"uv": [8, 4, 12, 8], "texture": "#0"},
				"west": {"uv": [8, 4, 12, 8], "texture": "#0"},
				"up": {"uv": [8, 4, 12, 8], "texture": "#0"},
				"down": {"uv": [8, 4, 12, 8], "texture": "#0"}
			}
		},
		{
			"from": [7.3, 6, 13.2],
			"to": [8.7, 8, 13.4],
			"faces": {
				"north": {"uv": [12, 4, 16, 8], "texture": "#0"},
				"east": {"uv": [12, 4, 16, 8], "texture": "#0"},
				"south": {"uv": [12, 4, 16, 8], "texture": "#0"},
				"west": {"uv": [12, 4, 16, 8], "texture": "#0"},
				"up": {"uv": [12, 4, 16, 8], "texture": "#0"},
				"down": {"uv": [12, 4, 16, 8], "texture": "#0"}
			}
		},
		{
			"from": [8.3, 8.1, 13.2],
			"to": [8.5, 9, 13.4],
			"faces": {
				"north": {"uv": [8, 0, 12, 4], "texture": "#0"},
				"east": {"uv": [8, 0, 12, 4], "texture": "#0"},
				"south": {"uv": [8, 0, 12, 4], "texture": "#0"},
				"west": {"uv": [8, 0, 12, 4], "texture": "#0"},
				"up": {"uv": [8, 0, 12, 4], "texture": "#0"},
				"down": {"uv": [8, 0, 12, 4], "texture": "#0"}
			}
		},
		{
			"from": [7.5, 8.1, 13.2],
			"to": [7.7, 9, 13.4],
			"faces": {
				"north": {"uv": [8, 0, 12, 4], "texture": "#0"},
				"east": {"uv": [8, 0, 12, 4], "texture": "#0"},
				"south": {"uv": [8, 0, 12, 4], "texture": "#0"},
				"west": {"uv": [8, 0, 12, 4], "texture": "#0"},
				"up": {"uv": [8, 0, 12, 4], "texture": "#0"},
				"down": {"uv": [8, 0, 12, 4], "texture": "#0"}
			}
		},
		{
			"from": [7.55, 8.85, 13.2],
			"to": [8.45, 9.05, 13.4],
			"rotation": {"angle": 0, "axis": "z", "origin": [8, 8.55, 13.3]},
			"faces": {
				"north": {"uv": [8, 0, 12, 4], "rotation": 270, "texture": "#0"},
				"east": {"uv": [8, 0, 12, 4], "rotation": 90, "texture": "#0"},
				"south": {"uv": [8, 0, 12, 4], "rotation": 90, "texture": "#0"},
				"west": {"uv": [8, 0, 12, 4], "rotation": 90, "texture": "#0"},
				"up": {"uv": [8, 0, 12, 4], "rotation": 90, "texture": "#0"},
				"down": {"uv": [8, 0, 12, 4], "rotation": 90, "texture": "#0"}
			}
		},
		{
			"from": [7.55, 8.05, 13.2],
			"to": [8.45, 8.25, 13.4],
			"rotation": {"angle": 0, "axis": "z", "origin": [8, 8.55, 13.3]},
			"faces": {
				"north": {"uv": [8, 0, 12, 4], "rotation": 270, "texture": "#0"},
				"east": {"uv": [8, 0, 12, 4], "rotation": 90, "texture": "#0"},
				"south": {"uv": [8, 0, 12, 4], "rotation": 90, "texture": "#0"},
				"west": {"uv": [8, 0, 12, 4], "rotation": 90, "texture": "#0"},
				"up": {"uv": [8, 0, 12, 4], "rotation": 90, "texture": "#0"},
				"down": {"uv": [8, 0, 12, 4], "rotation": 90, "texture": "#0"}
			}
		},
		{
			"from": [7.9, 7.95, 2.4],
			"to": [8.1, 8.55, 2.6],
			"rotation": {"angle": 0, "axis": "z", "origin": [8, 8.55, 13.3]},
			"faces": {
				"north": {"uv": [12, 8, 16, 12], "rotation": 90, "texture": "#0"},
				"east": {"uv": [12, 8, 16, 12], "rotation": 90, "texture": "#0"},
				"south": {"uv": [12, 8, 16, 12], "rotation": 90, "texture": "#0"},
				"west": {"uv": [12, 8, 16, 12], "rotation": 90, "texture": "#0"},
				"up": {"uv": [12, 8, 16, 12], "rotation": 90, "texture": "#0"},
				"down": {"uv": [12, 8, 16, 12], "rotation": 90, "texture": "#0"}
			}
		},
		{
			"from": [7.45, 7.95, 2.3],
			"to": [8.55, 8.15, 2.7],
			"rotation": {"angle": 0, "axis": "z", "origin": [8, 8.55, 13.3]},
			"faces": {
				"north": {"uv": [8, 0, 12, 4], "rotation": 270, "texture": "#0"},
				"east": {"uv": [8, 0, 12, 4], "rotation": 90, "texture": "#0"},
				"south": {"uv": [8, 0, 12, 4], "rotation": 90, "texture": "#0"},
				"west": {"uv": [8, 0, 12, 4], "rotation": 90, "texture": "#0"},
				"up": {"uv": [8, 0, 12, 4], "rotation": 90, "texture": "#0"},
				"down": {"uv": [8, 0, 12, 4], "rotation": 90, "texture": "#0"}
			}
		},
		{
			"from": [7.1, 6, 13],
			"to": [8.9, 7.1, 13.2],
			"faces": {
				"north": {"uv": [8, 0, 12, 4], "texture": "#0"},
				"east": {"uv": [8, 0, 12, 4], "texture": "#0"},
				"south": {"uv": [8, 0, 12, 4], "texture": "#0"},
				"west": {"uv": [8, 0, 12, 4], "texture": "#0"},
				"up": {"uv": [8, 0, 12, 4], "texture": "#0"},
				"down": {"uv": [8, 0, 12, 4], "texture": "#0"}
			}
		},
		{
			"from": [7.7, 6, 12.5],
			"to": [8.3, 6.9, 13],
			"faces": {
				"north": {"uv": [12, 0, 16, 4], "texture": "#0"},
				"east": {"uv": [12, 0, 16, 4], "texture": "#0"},
				"south": {"uv": [12, 0, 16, 4], "texture": "#0"},
				"west": {"uv": [12, 0, 16, 4], "texture": "#0"},
				"up": {"uv": [12, 0, 16, 4], "texture": "#0"},
				"down": {"uv": [12, 0, 16, 4], "texture": "#0"}
			}
		},
		{
			"from": [7.8, 6, 5.1],
			"to": [8.2, 6.4, 12.5],
			"faces": {
				"north": {"uv": [12, 0, 16, 4], "texture": "#0"},
				"east": {"uv": [12, 0, 16, 4], "texture": "#0"},
				"south": {"uv": [12, 0, 16, 4], "texture": "#0"},
				"west": {"uv": [12, 0, 16, 4], "texture": "#0"},
				"up": {"uv": [12, 0, 16, 4], "texture": "#0"},
				"down": {"uv": [12, 0, 16, 4], "texture": "#0"}
			}
		},
		{
			"from": [7.7, 6.4, 5.3],
			"to": [8.3, 7, 6],
			"faces": {
				"north": {"uv": [8, 0, 12, 4], "texture": "#0"},
				"east": {"uv": [8, 0, 12, 4], "texture": "#0"},
				"south": {"uv": [8, 0, 12, 4], "texture": "#0"},
				"west": {"uv": [8, 0, 12, 4], "texture": "#0"},
				"up": {"uv": [8, 0, 12, 4], "texture": "#0"},
				"down": {"uv": [8, 0, 12, 4], "texture": "#0"}
			}
		},
		{
			"from": [7.8, 6.5, 2.3],
			"to": [8.2, 6.8, 5.3],
			"faces": {
				"north": {"uv": [12, 0, 16, 4], "texture": "#0"},
				"east": {"uv": [12, 0, 16, 4], "texture": "#0"},
				"south": {"uv": [12, 0, 16, 4], "texture": "#0"},
				"west": {"uv": [12, 0, 16, 4], "texture": "#0"},
				"up": {"uv": [12, 0, 16, 4], "texture": "#0"},
				"down": {"uv": [12, 0, 16, 4], "texture": "#0"}
			}
		},
		{
			"from": [8.7, 6.1, 13.2],
			"to": [8.9, 7, 13.4],
			"faces": {
				"north": {"uv": [8, 0, 12, 4], "texture": "#0"},
				"east": {"uv": [8, 0, 12, 4], "texture": "#0"},
				"south": {"uv": [8, 0, 12, 4], "texture": "#0"},
				"west": {"uv": [8, 0, 12, 4], "texture": "#0"},
				"up": {"uv": [8, 0, 12, 4], "texture": "#0"},
				"down": {"uv": [8, 0, 12, 4], "texture": "#0"}
			}
		},
		{
			"from": [8.7, 6.2, 13.4],
			"to": [8.9, 6.9, 13.6],
			"faces": {
				"north": {"uv": [8, 0, 12, 4], "texture": "#0"},
				"east": {"uv": [8, 0, 12, 4], "texture": "#0"},
				"south": {"uv": [8, 0, 12, 4], "texture": "#0"},
				"west": {"uv": [8, 0, 12, 4], "texture": "#0"},
				"up": {"uv": [8, 0, 12, 4], "texture": "#0"},
				"down": {"uv": [8, 0, 12, 4], "texture": "#0"}
			}
		},
		{
			"from": [7.1, 6.1, 13.2],
			"to": [7.3, 7.1, 13.4],
			"faces": {
				"north": {"uv": [8, 0, 12, 4], "texture": "#0"},
				"east": {"uv": [8, 0, 12, 4], "texture": "#0"},
				"south": {"uv": [8, 0, 12, 4], "texture": "#0"},
				"west": {"uv": [8, 0, 12, 4], "texture": "#0"},
				"up": {"uv": [8, 0, 12, 4], "texture": "#0"},
				"down": {"uv": [8, 0, 12, 4], "texture": "#0"}
			}
		},
		{
			"from": [7.1, 6.2, 13.4],
			"to": [7.3, 7, 13.6],
			"faces": {
				"north": {"uv": [8, 0, 12, 4], "texture": "#0"},
				"east": {"uv": [8, 0, 12, 4], "texture": "#0"},
				"south": {"uv": [8, 0, 12, 4], "texture": "#0"},
				"west": {"uv": [8, 0, 12, 4], "texture": "#0"},
				"up": {"uv": [8, 0, 12, 4], "texture": "#0"},
				"down": {"uv": [8, 0, 12, 4], "texture": "#0"}
			}
		},
		{
			"from": [7.3, 7.8, 2.1],
			"to": [8.7, 8, 13.2],
			"faces": {
				"north": {"uv": [12, 4, 16, 8], "texture": "#0"},
				"east": {"uv": [12, 4, 16, 8], "texture": "#0"},
				"south": {"uv": [12, 4, 16, 8], "texture": "#0"},
				"west": {"uv": [12, 4, 16, 8], "texture": "#0"},
				"up": {"uv": [12, 4, 16, 8], "texture": "#0"},
				"down": {"uv": [12, 4, 16, 8], "texture": "#0"}
			}
		},
		{
			"from": [8.5, 6, 13.4],
			"to": [8.7, 8.8, 15],
			"faces": {
				"north": {"uv": [12, 4, 16, 8], "texture": "#0"},
				"east": {"uv": [12, 4, 16, 8], "texture": "#0"},
				"south": {"uv": [12, 4, 16, 8], "texture": "#0"},
				"west": {"uv": [12, 4, 16, 8], "texture": "#0"},
				"up": {"uv": [12, 4, 16, 8], "texture": "#0"},
				"down": {"uv": [12, 4, 16, 8], "texture": "#0"}
			}
		},
		{
			"from": [7.3, 6, 13.4],
			"to": [7.5, 8.8, 15],
			"faces": {
				"north": {"uv": [12, 4, 16, 8], "texture": "#0"},
				"east": {"uv": [12, 4, 16, 8], "texture": "#0"},
				"south": {"uv": [12, 4, 16, 8], "texture": "#0"},
				"west": {"uv": [12, 4, 16, 8], "texture": "#0"},
				"up": {"uv": [12, 4, 16, 8], "texture": "#0"},
				"down": {"uv": [12, 4, 16, 8], "texture": "#0"}
			}
		},
		{
			"from": [8.5, 8, 2.1],
			"to": [8.7, 8.8, 13.4],
			"faces": {
				"north": {"uv": [12, 4, 16, 8], "texture": "#0"},
				"east": {"uv": [12, 4, 16, 8], "texture": "#0"},
				"south": {"uv": [12, 4, 16, 8], "texture": "#0"},
				"west": {"uv": [12, 4, 16, 8], "texture": "#0"},
				"up": {"uv": [12, 4, 16, 8], "texture": "#0"},
				"down": {"uv": [12, 4, 16, 8], "texture": "#0"}
			}
		},
		{
			"from": [7.3, 8, 2.1],
			"to": [7.5, 8.8, 13.4],
			"faces": {
				"north": {"uv": [12, 4, 16, 8], "texture": "#0"},
				"east": {"uv": [12, 4, 16, 8], "texture": "#0"},
				"south": {"uv": [12, 4, 16, 8], "texture": "#0"},
				"west": {"uv": [12, 4, 16, 8], "texture": "#0"},
				"up": {"uv": [12, 4, 16, 8], "texture": "#0"},
				"down": {"uv": [12, 4, 16, 8], "texture": "#0"}
			}
		},
		{
			"from": [7.3, 6, 0.6],
			"to": [7.5, 8.8, 2.1],
			"faces": {
				"north": {"uv": [12, 4, 16, 8], "texture": "#0"},
				"east": {"uv": [12, 4, 16, 8], "texture": "#0"},
				"south": {"uv": [12, 4, 16, 8], "texture": "#0"},
				"west": {"uv": [12, 4, 16, 8], "texture": "#0"},
				"up": {"uv": [12, 4, 16, 8], "texture": "#0"},
				"down": {"uv": [12, 4, 16, 8], "texture": "#0"}
			}
		},
		{
			"from": [7.3, 6, 2.1],
			"to": [8.7, 8, 2.3],
			"faces": {
				"north": {"uv": [12, 4, 16, 8], "texture": "#0"},
				"east": {"uv": [12, 4, 16, 8], "texture": "#0"},
				"south": {"uv": [12, 4, 16, 8], "texture": "#0"},
				"west": {"uv": [12, 4, 16, 8], "texture": "#0"},
				"up": {"uv": [12, 4, 16, 8], "texture": "#0"},
				"down": {"uv": [12, 4, 16, 8], "texture": "#0"}
			}
		},
		{
			"from": [8.5, 6, 0.6],
			"to": [8.7, 8.8, 2.1],
			"faces": {
				"north": {"uv": [12, 4, 16, 8], "texture": "#0"},
				"east": {"uv": [12, 4, 16, 8], "texture": "#0"},
				"south": {"uv": [12, 4, 16, 8], "texture": "#0"},
				"west": {"uv": [12, 4, 16, 8], "texture": "#0"},
				"up": {"uv": [12, 4, 16, 8], "texture": "#0"},
				"down": {"uv": [12, 4, 16, 8], "texture": "#0"}
			}
		},
		{
			"from": [7.3, 7.5, 9.5],
			"to": [8.7, 7.8, 13.2],
			"faces": {
				"north": {"uv": [12, 4, 16, 8], "texture": "#0"},
				"east": {"uv": [12, 4, 16, 8], "texture": "#0"},
				"south": {"uv": [12, 4, 16, 8], "texture": "#0"},
				"west": {"uv": [12, 4, 16, 8], "texture": "#0"},
				"up": {"uv": [12, 4, 16, 8], "texture": "#0"},
				"down": {"uv": [12, 4, 16, 8], "texture": "#0"}
			}
		},
		{
			"from": [8.5, 8.8, 10],
			"to": [8.7, 9.1, 15],
			"faces": {
				"north": {"uv": [12, 4, 16, 8], "texture": "#0"},
				"east": {"uv": [12, 4, 16, 8], "texture": "#0"},
				"south": {"uv": [12, 4, 16, 8], "texture": "#0"},
				"west": {"uv": [12, 4, 16, 8], "texture": "#0"},
				"up": {"uv": [12, 4, 16, 8], "texture": "#0"},
				"down": {"uv": [12, 4, 16, 8], "texture": "#0"}
			}
		},
		{
			"from": [7.3, 8.8, 10],
			"to": [7.5, 9.1, 15],
			"faces": {
				"north": {"uv": [12, 4, 16, 8], "texture": "#0"},
				"east": {"uv": [12, 4, 16, 8], "texture": "#0"},
				"south": {"uv": [12, 4, 16, 8], "texture": "#0"},
				"west": {"uv": [12, 4, 16, 8], "texture": "#0"},
				"up": {"uv": [12, 4, 16, 8], "texture": "#0"},
				"down": {"uv": [12, 4, 16, 8], "texture": "#0"}
			}
		},
		{
			"from": [7.3, 8.8, 5],
			"to": [7.5, 9, 10],
			"faces": {
				"north": {"uv": [12, 4, 16, 8], "texture": "#0"},
				"east": {"uv": [12, 4, 16, 8], "texture": "#0"},
				"south": {"uv": [12, 4, 16, 8], "texture": "#0"},
				"west": {"uv": [12, 4, 16, 8], "texture": "#0"},
				"up": {"uv": [12, 4, 16, 8], "texture": "#0"},
				"down": {"uv": [12, 4, 16, 8], "texture": "#0"}
			}
		},
		{
			"from": [7.3, 7.6, 5],
			"to": [8.7, 7.8, 9.5],
			"faces": {
				"north": {"uv": [12, 4, 16, 8], "texture": "#0"},
				"east": {"uv": [12, 4, 16, 8], "texture": "#0"},
				"south": {"uv": [12, 4, 16, 8], "texture": "#0"},
				"west": {"uv": [12, 4, 16, 8], "texture": "#0"},
				"up": {"uv": [12, 4, 16, 8], "texture": "#0"},
				"down": {"uv": [12, 4, 16, 8], "texture": "#0"}
			}
		},
		{
			"from": [7.4, 3.3, 5.6],
			"to": [8.6, 4.3, 11.1],
			"rotation": {"angle": 0, "axis": "y", "origin": [0, 0.5, 0.8]},
			"faces": {
				"north": {"uv": [12, 4, 16, 8], "texture": "#0"},
				"east": {"uv": [12, 4, 16, 8], "texture": "#0"},
				"south": {"uv": [12, 4, 16, 8], "texture": "#0"},
				"west": {"uv": [12, 4, 16, 8], "texture": "#0"},
				"up": {"uv": [12, 4, 16, 8], "texture": "#0"},
				"down": {"uv": [12, 4, 16, 8], "texture": "#0"}
			}
		},
		{
			"from": [7.4, 3.4, 0.9],
			"to": [8.6, 4.3, 5.6],
			"rotation": {"angle": 0, "axis": "y", "origin": [0, 0.6, 0.8]},
			"faces": {
				"north": {"uv": [12, 0, 16, 4], "texture": "#0"},
				"east": {"uv": [12, 0, 16, 4], "texture": "#0"},
				"south": {"uv": [12, 0, 16, 4], "texture": "#0"},
				"west": {"uv": [12, 0, 16, 4], "texture": "#0"},
				"up": {"uv": [12, 0, 16, 4], "texture": "#0"},
				"down": {"uv": [12, 0, 16, 4], "texture": "#0"}
			}
		},
		{
			"from": [8.6, 3.3, 5.6],
			"to": [9, 4.3, 11.1],
			"rotation": {"angle": 0, "axis": "y", "origin": [0, 0.5, 0.8]},
			"faces": {
				"north": {"uv": [12, 4, 16, 8], "texture": "#0"},
				"east": {"uv": [12, 4, 16, 8], "texture": "#0"},
				"south": {"uv": [12, 4, 16, 8], "texture": "#0"},
				"west": {"uv": [12, 4, 16, 8], "texture": "#0"},
				"up": {"uv": [12, 4, 16, 8], "texture": "#0"},
				"down": {"uv": [12, 4, 16, 8], "texture": "#0"}
			}
		},
		{
			"from": [8.6, 3.4, 0.9],
			"to": [9, 4.3, 5.6],
			"rotation": {"angle": 0, "axis": "y", "origin": [0, 0.5, 0.8]},
			"faces": {
				"north": {"uv": [12, 0, 16, 4], "texture": "#0"},
				"east": {"uv": [12, 0, 16, 4], "texture": "#0"},
				"south": {"uv": [12, 0, 16, 4], "texture": "#0"},
				"west": {"uv": [12, 0, 16, 4], "texture": "#0"},
				"up": {"uv": [12, 0, 16, 4], "texture": "#0"},
				"down": {"uv": [12, 0, 16, 4], "texture": "#0"}
			}
		},
		{
			"from": [7, 3.4, 0.9],
			"to": [7.4, 4.3, 5.6],
			"rotation": {"angle": 0, "axis": "y", "origin": [0, 0.5, 0.8]},
			"faces": {
				"north": {"uv": [12, 0, 16, 4], "texture": "#0"},
				"east": {"uv": [12, 0, 16, 4], "texture": "#0"},
				"south": {"uv": [12, 0, 16, 4], "texture": "#0"},
				"west": {"uv": [12, 0, 16, 4], "texture": "#0"},
				"up": {"uv": [12, 0, 16, 4], "texture": "#0"},
				"down": {"uv": [12, 0, 16, 4], "texture": "#0"}
			}
		},
		{
			"from": [7, 3.3, 5.6],
			"to": [7.4, 4.3, 11.1],
			"rotation": {"angle": 0, "axis": "y", "origin": [0, 0.5, 0.8]},
			"faces": {
				"north": {"uv": [8, 4, 12, 8], "texture": "#0"},
				"east": {"uv": [8, 4, 12, 8], "texture": "#0"},
				"south": {"uv": [8, 4, 12, 8], "texture": "#0"},
				"west": {"uv": [8, 4, 12, 8], "texture": "#0"},
				"up": {"uv": [8, 4, 12, 8], "texture": "#0"},
				"down": {"uv": [8, 4, 12, 8], "texture": "#0"}
			}
		},
		{
			"from": [6.99, 4.27, 0.5],
			"to": [9.01, 4.3, 0.9],
			"rotation": {"angle": 0, "axis": "y", "origin": [0, 0.5, 0.8]},
			"faces": {
				"north": {"uv": [12, 0, 16, 4], "texture": "#0"},
				"east": {"uv": [12, 0, 16, 4], "texture": "#0"},
				"south": {"uv": [12, 0, 16, 4], "texture": "#0"},
				"west": {"uv": [12, 0, 16, 4], "texture": "#0"},
				"up": {"uv": [12, 0, 16, 4], "texture": "#0"},
				"down": {"uv": [12, 0, 16, 4], "texture": "#0"}
			}
		},
		{
			"from": [6.99, 4.14, 0.8],
			"to": [9.01, 4.27, 0.9],
			"rotation": {"angle": 0, "axis": "y", "origin": [0, 0.57, 0.8]},
			"faces": {
				"north": {"uv": [12, 0, 16, 4], "texture": "#0"},
				"east": {"uv": [12, 0, 16, 4], "texture": "#0"},
				"south": {"uv": [12, 0, 16, 4], "texture": "#0"},
				"west": {"uv": [12, 0, 16, 4], "texture": "#0"},
				"up": {"uv": [12, 0, 16, 4], "texture": "#0"},
				"down": {"uv": [12, 0, 16, 4], "texture": "#0"}
			}
		},
		{
			"from": [6.99, 1.58401, 1.02234],
			"to": [9.01, 2.62401, 1.07234],
			"rotation": {"angle": -22.5, "axis": "x", "origin": [8, 2.18401, -3.62766]},
			"faces": {
				"north": {"uv": [12, 0, 16, 4], "texture": "#0"},
				"east": {"uv": [12, 0, 16, 4], "texture": "#0"},
				"south": {"uv": [12, 0, 16, 4], "texture": "#0"},
				"west": {"uv": [12, 0, 16, 4], "texture": "#0"},
				"up": {"uv": [12, 0, 16, 4], "texture": "#0"},
				"down": {"uv": [12, 0, 16, 4], "texture": "#0"}
			}
		},
		{
			"from": [6.99, 1.68401, 1.0723],
			"to": [9.01, 2.60401, 1.1223],
			"rotation": {"angle": -22.5, "axis": "x", "origin": [8, 2.18401, -3.62766]},
			"faces": {
				"north": {"uv": [12, 0, 16, 4], "texture": "#0"},
				"east": {"uv": [12, 0, 16, 4], "texture": "#0"},
				"south": {"uv": [12, 0, 16, 4], "texture": "#0"},
				"west": {"uv": [12, 0, 16, 4], "texture": "#0"},
				"up": {"uv": [12, 0, 16, 4], "texture": "#0"},
				"down": {"uv": [12, 0, 16, 4], "texture": "#0"}
			}
		},
		{
			"from": [7, 1.78401, 1.12234],
			"to": [9, 2.52401, 1.22234],
			"rotation": {"angle": -22.5, "axis": "x", "origin": [8, 2.18401, -3.62766]},
			"faces": {
				"north": {"uv": [12, 0, 16, 4], "texture": "#0"},
				"east": {"uv": [12, 0, 16, 4], "texture": "#0"},
				"south": {"uv": [12, 0, 16, 4], "texture": "#0"},
				"west": {"uv": [12, 0, 16, 4], "texture": "#0"},
				"up": {"uv": [12, 0, 16, 4], "texture": "#0"},
				"down": {"uv": [12, 0, 16, 4], "texture": "#0"}
			}
		},
		{
			"from": [6.99, 1.98401, 1.12234],
			"to": [9.01, 2.50401, 1.32234],
			"rotation": {"angle": -22.5, "axis": "x", "origin": [8, 2.18401, -3.62766]},
			"faces": {
				"north": {"uv": [12, 0, 16, 4], "texture": "#0"},
				"east": {"uv": [12, 0, 16, 4], "texture": "#0"},
				"south": {"uv": [12, 0, 16, 4], "texture": "#0"},
				"west": {"uv": [12, 0, 16, 4], "texture": "#0"},
				"up": {"uv": [12, 0, 16, 4], "texture": "#0"},
				"down": {"uv": [12, 0, 16, 4], "texture": "#0"}
			}
		},
		{
			"from": [7, 5.20507, 10.48019],
			"to": [9, 6.30507, 12.88019],
			"rotation": {"angle": -22.5, "axis": "x", "origin": [8, 5.85507, 15.63019]},
			"faces": {
				"north": {"uv": [8, 4, 12, 8], "texture": "#0"},
				"east": {"uv": [8, 4, 12, 8], "texture": "#0"},
				"south": {"uv": [8, 4, 12, 8], "texture": "#0"},
				"west": {"uv": [8, 4, 12, 8], "texture": "#0"},
				"up": {"uv": [8, 4, 12, 8], "texture": "#0"},
				"down": {"uv": [8, 4, 12, 8], "texture": "#0"}
			}
		},
		{
			"from": [7, 3.98942, 11.94406],
			"to": [9, 4.88942, 13.84406],
			"rotation": {"angle": 0, "axis": "x", "origin": [8, 4.23942, 12.44406]},
			"faces": {
				"north": {"uv": [8, 4, 12, 8], "texture": "#0"},
				"east": {"uv": [8, 4, 12, 8], "texture": "#0"},
				"south": {"uv": [8, 4, 12, 8], "texture": "#0"},
				"west": {"uv": [8, 4, 12, 8], "texture": "#0"},
				"up": {"uv": [8, 4, 12, 8], "texture": "#0"},
				"down": {"uv": [8, 4, 12, 8], "texture": "#0"}
			}
		},
		{
			"from": [7, 3.53421, 13.83253],
			"to": [9, 4.43421, 14.83253],
			"rotation": {"angle": 22.5, "axis": "x", "origin": [8, 3.98421, 14.93253]},
			"faces": {
				"north": {"uv": [8, 4, 12, 8], "texture": "#0"},
				"east": {"uv": [8, 4, 12, 8], "texture": "#0"},
				"south": {"uv": [8, 4, 12, 8], "texture": "#0"},
				"west": {"uv": [8, 4, 12, 8], "texture": "#0"},
				"up": {"uv": [8, 4, 12, 8], "texture": "#0"},
				"down": {"uv": [8, 4, 12, 8], "texture": "#0"}
			}
		},
		{
			"from": [7.2, -2.35, 9.75],
			"to": [8.8, 1.85, 11.35],
			"rotation": {"angle": -22.5, "axis": "x", "origin": [8, 3.8, 6.35]},
			"faces": {
				"north": {"uv": [12, 8, 16, 12], "rotation": 270, "texture": "#0"},
				"east": {"uv": [12, 8, 16, 12], "rotation": 270, "texture": "#0"},
				"south": {"uv": [12, 8, 16, 12], "rotation": 270, "texture": "#0"},
				"west": {"uv": [12, 8, 16, 12], "rotation": 270, "texture": "#0"},
				"up": {"uv": [12, 8, 16, 12], "rotation": 270, "texture": "#0"},
				"down": {"uv": [12, 8, 16, 12], "rotation": 270, "texture": "#0"}
			}
		},
		{
			"from": [7.4, -1.95, 11.35],
			"to": [8.6, 0.65, 11.55],
			"rotation": {"angle": -22.5, "axis": "x", "origin": [8, 3.8, 6.35]},
			"faces": {
				"north": {"uv": [12, 8, 16, 12], "rotation": 270, "texture": "#0"},
				"east": {"uv": [12, 8, 16, 12], "rotation": 270, "texture": "#0"},
				"south": {"uv": [12, 8, 16, 12], "rotation": 270, "texture": "#0"},
				"west": {"uv": [12, 8, 16, 12], "rotation": 270, "texture": "#0"},
				"up": {"uv": [12, 8, 16, 12], "rotation": 270, "texture": "#0"},
				"down": {"uv": [12, 8, 16, 12], "rotation": 270, "texture": "#0"}
			}
		},
		{
			"from": [7.7, -1.15, 11.55],
			"to": [8.3, -0.15, 11.75],
			"rotation": {"angle": -22.5, "axis": "x", "origin": [8, 3.8, 6.35]},
			"faces": {
				"north": {"uv": [12, 8, 16, 12], "rotation": 270, "texture": "#0"},
				"east": {"uv": [12, 8, 16, 12], "rotation": 270, "texture": "#0"},
				"south": {"uv": [12, 8, 16, 12], "rotation": 270, "texture": "#0"},
				"west": {"uv": [12, 8, 16, 12], "rotation": 270, "texture": "#0"},
				"up": {"uv": [12, 8, 16, 12], "rotation": 270, "texture": "#0"},
				"down": {"uv": [12, 8, 16, 12], "rotation": 270, "texture": "#0"}
			}
		},
		{
			"from": [7.1, -2.65, 9.55],
			"to": [8.9, -2.25, 11.25],
			"rotation": {"angle": -22.5, "axis": "x", "origin": [8, 3.8, 6.35]},
			"faces": {
				"north": {"uv": [12, 0, 16, 4], "texture": "#0"},
				"east": {"uv": [12, 0, 16, 4], "texture": "#0"},
				"south": {"uv": [12, 0, 16, 4], "texture": "#0"},
				"west": {"uv": [12, 0, 16, 4], "texture": "#0"},
				"up": {"uv": [12, 0, 16, 4], "texture": "#0"},
				"down": {"uv": [12, 0, 16, 4], "texture": "#0"}
			}
		},
		{
			"from": [7, 2.90925, 14.55182],
			"to": [9, 3.80925, 15.75182],
			"rotation": {"angle": 45, "axis": "x", "origin": [8, 3.35925, 15.55182]},
			"faces": {
				"north": {"uv": [8, 4, 12, 8], "texture": "#0"},
				"east": {"uv": [8, 4, 12, 8], "texture": "#0"},
				"south": {"uv": [8, 4, 12, 8], "texture": "#0"},
				"west": {"uv": [8, 4, 12, 8], "texture": "#0"},
				"up": {"uv": [8, 4, 12, 8], "texture": "#0"},
				"down": {"uv": [8, 4, 12, 8], "texture": "#0"}
			}
		},
		{
			"from": [7, 2.00228, 15.49386],
			"to": [9, 3.60228, 15.79386],
			"rotation": {"angle": -22.5, "axis": "x", "origin": [8, 2.70228, 15.94386]},
			"faces": {
				"north": {"uv": [8, 4, 12, 8], "rotation": 90, "texture": "#0"},
				"east": {"uv": [8, 4, 12, 8], "rotation": 90, "texture": "#0"},
				"south": {"uv": [8, 4, 12, 8], "rotation": 90, "texture": "#0"},
				"west": {"uv": [8, 4, 12, 8], "rotation": 90, "texture": "#0"},
				"up": {"uv": [8, 4, 12, 8], "rotation": 90, "texture": "#0"},
				"down": {"uv": [8, 4, 12, 8], "rotation": 90, "texture": "#0"}
			}
		},
		{
			"from": [7.1, 1.35, 10.55],
			"to": [8.9, 1.55, 12.15],
			"rotation": {"angle": -22.5, "axis": "x", "origin": [8, 3.9, 6.45]},
			"faces": {
				"north": {"uv": [12, 0, 16, 4], "texture": "#0"},
				"east": {"uv": [12, 0, 16, 4], "texture": "#0"},
				"south": {"uv": [12, 0, 16, 4], "texture": "#0"},
				"west": {"uv": [12, 0, 16, 4], "texture": "#0"},
				"up": {"uv": [12, 0, 16, 4], "texture": "#0"},
				"down": {"uv": [12, 0, 16, 4], "texture": "#0"}
			}
		},
		{
			"from": [7.1, 3.11311, 8.21375],
			"to": [8.9, 3.31311, 11.21375],
			"rotation": {"angle": 0, "axis": "x", "origin": [8, 3.21311, 10.41375]},
			"faces": {
				"north": {"uv": [12, 0, 16, 4], "texture": "#0"},
				"east": {"uv": [12, 0, 16, 4], "texture": "#0"},
				"south": {"uv": [12, 0, 16, 4], "texture": "#0"},
				"west": {"uv": [12, 0, 16, 4], "texture": "#0"},
				"up": {"uv": [12, 0, 16, 4], "texture": "#0"},
				"down": {"uv": [12, 0, 16, 4], "texture": "#0"}
			}
		},
		{
			"from": [7.6, 2.01311, 8.51375],
			"to": [8.6, 2.91311, 8.71375],
			"rotation": {"angle": 22.5, "axis": "x", "origin": [8, 3.21311, 9.71375]},
			"faces": {
				"north": {"uv": [12, 0, 16, 4], "rotation": 180, "texture": "#0"},
				"east": {"uv": [12, 0, 16, 4], "rotation": 90, "texture": "#0"},
				"south": {"uv": [12, 0, 16, 4], "texture": "#0"},
				"west": {"uv": [12, 0, 16, 4], "rotation": 270, "texture": "#0"},
				"up": {"uv": [12, 0, 16, 4], "texture": "#0"},
				"down": {"uv": [12, 0, 16, 4], "rotation": 180, "texture": "#0"}
			}
		},
		{
			"from": [7.6, 2.06367, 8.14587],
			"to": [8.6, 2.56367, 8.34587],
			"rotation": {"angle": 0, "axis": "x", "origin": [8, 2.11367, 8.24587]},
			"faces": {
				"north": {"uv": [12, 0, 16, 4], "rotation": 180, "texture": "#0"},
				"east": {"uv": [12, 0, 16, 4], "rotation": 90, "texture": "#0"},
				"south": {"uv": [12, 0, 16, 4], "texture": "#0"},
				"west": {"uv": [12, 0, 16, 4], "rotation": 270, "texture": "#0"},
				"up": {"uv": [12, 0, 16, 4], "texture": "#0"},
				"down": {"uv": [12, 0, 16, 4], "rotation": 180, "texture": "#0"}
			}
		},
		{
			"from": [7.6, 1.72097, 8.23393],
			"to": [8.6, 2.12097, 8.43393],
			"rotation": {"angle": -22.5, "axis": "x", "origin": [8, 1.87097, 8.33393]},
			"faces": {
				"north": {"uv": [12, 0, 16, 4], "rotation": 180, "texture": "#0"},
				"east": {"uv": [12, 0, 16, 4], "rotation": 90, "texture": "#0"},
				"south": {"uv": [12, 0, 16, 4], "texture": "#0"},
				"west": {"uv": [12, 0, 16, 4], "rotation": 270, "texture": "#0"},
				"up": {"uv": [12, 0, 16, 4], "texture": "#0"},
				"down": {"uv": [12, 0, 16, 4], "rotation": 180, "texture": "#0"}
			}
		},
		{
			"from": [7.6, 2.03093, 8.40572],
			"to": [8.6, 2.23093, 8.60572],
			"rotation": {"angle": 22.5, "axis": "x", "origin": [8, 2.13093, 7.50572]},
			"faces": {
				"north": {"uv": [12, 0, 16, 4], "rotation": 180, "texture": "#0"},
				"east": {"uv": [12, 0, 16, 4], "rotation": 180, "texture": "#0"},
				"south": {"uv": [12, 0, 16, 4], "rotation": 180, "texture": "#0"},
				"west": {"uv": [12, 0, 16, 4], "rotation": 180, "texture": "#0"},
				"up": {"uv": [12, 0, 16, 4], "texture": "#0"},
				"down": {"uv": [12, 0, 16, 4], "texture": "#0"}
			}
		},
		{
			"from": [7.6, 1.61759, 8.48372],
			"to": [8.6, 1.81759, 9.08372],
			"rotation": {"angle": 0, "axis": "x", "origin": [8, 1.71759, 8.58372]},
			"faces": {
				"north": {"uv": [12, 0, 16, 4], "rotation": 180, "texture": "#0"},
				"east": {"uv": [12, 0, 16, 4], "rotation": 180, "texture": "#0"},
				"south": {"uv": [12, 0, 16, 4], "rotation": 180, "texture": "#0"},
				"west": {"uv": [12, 0, 16, 4], "rotation": 180, "texture": "#0"},
				"up": {"uv": [12, 0, 16, 4], "texture": "#0"},
				"down": {"uv": [12, 0, 16, 4], "texture": "#0"}
			}
		},
		{
			"from": [7.6, 1.71759, 9.08372],
			"to": [8.6, 1.91759, 9.68372],
			"rotation": {"angle": 0, "axis": "x", "origin": [8, 1.71759, 8.58372]},
			"faces": {
				"north": {"uv": [12, 0, 16, 4], "rotation": 180, "texture": "#0"},
				"east": {"uv": [12, 0, 16, 4], "rotation": 180, "texture": "#0"},
				"south": {"uv": [12, 0, 16, 4], "rotation": 180, "texture": "#0"},
				"west": {"uv": [12, 0, 16, 4], "rotation": 180, "texture": "#0"},
				"up": {"uv": [12, 0, 16, 4], "texture": "#0"},
				"down": {"uv": [12, 0, 16, 4], "texture": "#0"}
			}
		},
		{
			"from": [7.6, 1.81759, 9.68372],
			"to": [8.6, 2.01759, 9.98372],
			"rotation": {"angle": 0, "axis": "x", "origin": [8, 1.71759, 8.58372]},
			"faces": {
				"north": {"uv": [12, 0, 16, 4], "rotation": 180, "texture": "#0"},
				"east": {"uv": [12, 0, 16, 4], "rotation": 180, "texture": "#0"},
				"south": {"uv": [12, 0, 16, 4], "rotation": 180, "texture": "#0"},
				"west": {"uv": [12, 0, 16, 4], "rotation": 180, "texture": "#0"},
				"up": {"uv": [12, 0, 16, 4], "texture": "#0"},
				"down": {"uv": [12, 0, 16, 4], "texture": "#0"}
			}
		},
		{
			"from": [7.6, 1.86738, 9.93404],
			"to": [8.6, 2.06738, 10.23404],
			"rotation": {"angle": -22.5, "axis": "x", "origin": [8, 1.96738, 10.08404]},
			"faces": {
				"north": {"uv": [12, 0, 16, 4], "rotation": 180, "texture": "#0"},
				"east": {"uv": [12, 0, 16, 4], "rotation": 180, "texture": "#0"},
				"south": {"uv": [12, 0, 16, 4], "rotation": 180, "texture": "#0"},
				"west": {"uv": [12, 0, 16, 4], "rotation": 180, "texture": "#0"},
				"up": {"uv": [12, 0, 16, 4], "texture": "#0"},
				"down": {"uv": [12, 0, 16, 4], "texture": "#0"}
			}
		},
		{
			"from": [7.6, 1.96305, 10.10677],
			"to": [8.6, 2.26305, 10.30677],
			"rotation": {"angle": 22.5, "axis": "x", "origin": [8, 2.06305, 10.20677]},
			"faces": {
				"north": {"uv": [12, 0, 16, 4], "rotation": 180, "texture": "#0"},
				"east": {"uv": [12, 0, 16, 4], "rotation": 270, "texture": "#0"},
				"south": {"uv": [12, 0, 16, 4], "texture": "#0"},
				"west": {"uv": [12, 0, 16, 4], "rotation": 90, "texture": "#0"},
				"up": {"uv": [12, 0, 16, 4], "rotation": 180, "texture": "#0"},
				"down": {"uv": [12, 0, 16, 4], "texture": "#0"}
			}
		},
		{
			"from": [7.6, 2.20955, 10.17569],
			"to": [8.6, 2.80955, 10.37569],
			"rotation": {"angle": 0, "axis": "x", "origin": [8, 2.45955, 10.27569]},
			"faces": {
				"north": {"uv": [12, 0, 16, 4], "rotation": 180, "texture": "#0"},
				"east": {"uv": [12, 0, 16, 4], "rotation": 270, "texture": "#0"},
				"south": {"uv": [12, 0, 16, 4], "texture": "#0"},
				"west": {"uv": [12, 0, 16, 4], "rotation": 90, "texture": "#0"},
				"up": {"uv": [12, 0, 16, 4], "rotation": 180, "texture": "#0"},
				"down": {"uv": [12, 0, 16, 4], "texture": "#0"}
			}
		},
		{
			"from": [7.6, 2.74845, 10.0685],
			"to": [8.6, 3.24845, 10.2685],
			"rotation": {"angle": -22.5, "axis": "x", "origin": [8, 3.04845, 10.1685]},
			"faces": {
				"north": {"uv": [12, 0, 16, 4], "rotation": 180, "texture": "#0"},
				"east": {"uv": [12, 0, 16, 4], "rotation": 270, "texture": "#0"},
				"south": {"uv": [12, 0, 16, 4], "texture": "#0"},
				"west": {"uv": [12, 0, 16, 4], "rotation": 90, "texture": "#0"},
				"up": {"uv": [12, 0, 16, 4], "rotation": 180, "texture": "#0"},
				"down": {"uv": [12, 0, 16, 4], "texture": "#0"}
			}
		},
		{
			"from": [7.9, 2.94845, 9.4685],
			"to": [8.1, 3.44845, 9.6685],
			"rotation": {"angle": -22.5, "axis": "x", "origin": [8, 3.04845, 10.1685]},
			"faces": {
				"north": {"uv": [8, 8, 12, 12], "rotation": 90, "texture": "#0"},
				"east": {"uv": [8, 8, 12, 12], "rotation": 90, "texture": "#0"},
				"south": {"uv": [8, 8, 12, 12], "rotation": 90, "texture": "#0"},
				"west": {"uv": [8, 8, 12, 12], "rotation": 90, "texture": "#0"},
				"up": {"uv": [8, 8, 12, 12], "rotation": 90, "texture": "#0"},
				"down": {"uv": [8, 8, 12, 12], "rotation": 90, "texture": "#0"}
			}
		},
		{
			"from": [7.9, 2.36472, 9.54483],
			"to": [8.1, 2.76472, 9.74483],
			"rotation": {"angle": 0, "axis": "x", "origin": [8, 2.51472, 9.64483]},
			"faces": {
				"north": {"uv": [8, 8, 12, 12], "rotation": 90, "texture": "#0"},
				"east": {"uv": [8, 8, 12, 12], "rotation": 90, "texture": "#0"},
				"south": {"uv": [8, 8, 12, 12], "rotation": 90, "texture": "#0"},
				"west": {"uv": [8, 8, 12, 12], "rotation": 90, "texture": "#0"},
				"up": {"uv": [8, 8, 12, 12], "rotation": 90, "texture": "#0"},
				"down": {"uv": [8, 8, 12, 12], "rotation": 90, "texture": "#0"}
			}
		},
		{
			"from": [7.9, 2.02202, 9.45677],
			"to": [8.1, 2.42202, 9.65677],
			"rotation": {"angle": 22.5, "axis": "x", "origin": [8, 2.17202, 9.55677]},
			"faces": {
				"north": {"uv": [8, 8, 12, 12], "rotation": 90, "texture": "#0"},
				"east": {"uv": [8, 8, 12, 12], "rotation": 90, "texture": "#0"},
				"south": {"uv": [8, 8, 12, 12], "rotation": 90, "texture": "#0"},
				"west": {"uv": [8, 8, 12, 12], "rotation": 90, "texture": "#0"},
				"up": {"uv": [8, 8, 12, 12], "rotation": 90, "texture": "#0"},
				"down": {"uv": [8, 8, 12, 12], "rotation": 90, "texture": "#0"}
			}
		},
		{
			"from": [6.9, 5.31522, 14.37654],
			"to": [9.1, 6.81522, 20.47654],
			"rotation": {"angle": 0, "axis": "y", "origin": [0, 0.21522, -0.42346]},
			"faces": {
				"north": {"uv": [12, 0, 16, 4], "texture": "#0"},
				"east": {"uv": [12, 0, 16, 4], "texture": "#0"},
				"south": {"uv": [12, 0, 16, 4], "texture": "#0"},
				"west": {"uv": [12, 0, 16, 4], "texture": "#0"},
				"up": {"uv": [12, 0, 16, 4], "texture": "#0"},
				"down": {"uv": [12, 0, 16, 4], "texture": "#0"}
			}
		},
		{
			"from": [9.1, 5.33806, 15.59134],
			"to": [9.2, 5.93806, 18.99134],
			"rotation": {"angle": 0, "axis": "y", "origin": [0, -0.06194, -0.30866]},
			"faces": {
				"north": {"uv": [8, 8, 12, 12], "texture": "#0"},
				"east": {"uv": [8, 8, 12, 12], "texture": "#0"},
				"south": {"uv": [8, 8, 12, 12], "texture": "#0"},
				"west": {"uv": [8, 8, 12, 12], "texture": "#0"},
				"up": {"uv": [8, 8, 12, 12], "texture": "#0"},
				"down": {"uv": [8, 8, 12, 12], "texture": "#0"}
			}
		},
		{
			"from": [6.9, 4.11771, 14.31637],
			"to": [9.1, 6.31771, 15.21637],
			"rotation": {"angle": -22.5, "axis": "x", "origin": [8, 5.96771, 16.86637]},
			"faces": {
				"north": {"uv": [12, 0, 16, 4], "texture": "#0"},
				"east": {"uv": [12, 0, 16, 4], "texture": "#0"},
				"south": {"uv": [12, 0, 16, 4], "texture": "#0"},
				"west": {"uv": [12, 0, 16, 4], "texture": "#0"},
				"up": {"uv": [12, 0, 16, 4], "texture": "#0"},
				"down": {"uv": [12, 0, 16, 4], "texture": "#0"}
			}
		},
		{
			"from": [6.9, 3.68269, 16.11844],
			"to": [9.1, 5.48269, 18.71844],
			"rotation": {"angle": 0, "axis": "x", "origin": [8, 4.48269, 15.66844]},
			"faces": {
				"north": {"uv": [12, 0, 16, 4], "texture": "#0"},
				"east": {"uv": [12, 0, 16, 4], "texture": "#0"},
				"south": {"uv": [12, 0, 16, 4], "texture": "#0"},
				"west": {"uv": [12, 0, 16, 4], "texture": "#0"},
				"up": {"uv": [12, 0, 16, 4], "texture": "#0"},
				"down": {"uv": [12, 0, 16, 4], "texture": "#0"}
			}
		},
		{
			"from": [6.9, 3.36355, 15.71191],
			"to": [9.1, 4.06355, 16.61191],
			"rotation": {"angle": 22.5, "axis": "x", "origin": [8, 4.56355, 16.16191]},
			"faces": {
				"north": {"uv": [12, 0, 16, 4], "texture": "#0"},
				"east": {"uv": [12, 0, 16, 4], "texture": "#0"},
				"south": {"uv": [12, 0, 16, 4], "texture": "#0"},
				"west": {"uv": [12, 0, 16, 4], "texture": "#0"},
				"up": {"uv": [12, 0, 16, 4], "texture": "#0"},
				"down": {"uv": [12, 0, 16, 4], "texture": "#0"}
			}
		},
		{
			"from": [6.9, 3.28269, 15.21844],
			"to": [9.1, 5.68269, 16.11844],
			"rotation": {"angle": 0, "axis": "x", "origin": [8, 4.48269, 15.66844]},
			"faces": {
				"north": {"uv": [12, 0, 16, 4], "texture": "#0"},
				"east": {"uv": [12, 0, 16, 4], "texture": "#0"},
				"south": {"uv": [12, 0, 16, 4], "texture": "#0"},
				"west": {"uv": [12, 0, 16, 4], "texture": "#0"},
				"up": {"uv": [12, 0, 16, 4], "texture": "#0"},
				"down": {"uv": [12, 0, 16, 4], "texture": "#0"}
			}
		},
		{
			"from": [6.9, 3.84869, 18.9639],
			"to": [9.1, 6.14869, 20.3639],
			"rotation": {"angle": -22.5, "axis": "x", "origin": [8, 3.34869, 20.2639]},
			"faces": {
				"north": {"uv": [12, 0, 16, 4], "texture": "#0"},
				"east": {"uv": [12, 0, 16, 4], "texture": "#0"},
				"south": {"uv": [12, 0, 16, 4], "texture": "#0"},
				"west": {"uv": [12, 0, 16, 4], "texture": "#0"},
				"up": {"uv": [12, 0, 16, 4], "texture": "#0"},
				"down": {"uv": [12, 0, 16, 4], "texture": "#0"}
			}
		},
		{
			"from": [7.1, 3.18269, 16.01844],
			"to": [8.9, 3.68269, 18.91844],
			"rotation": {"angle": 0, "axis": "x", "origin": [8, 4.48269, 15.66844]},
			"faces": {
				"north": {"uv": [12, 8, 16, 12], "texture": "#0"},
				"east": {"uv": [12, 8, 16, 12], "texture": "#0"},
				"south": {"uv": [12, 8, 16, 12], "texture": "#0"},
				"west": {"uv": [12, 8, 16, 12], "texture": "#0"},
				"up": {"uv": [12, 8, 16, 12], "texture": "#0"},
				"down": {"uv": [12, 8, 16, 12], "texture": "#0"}
			}
		},
		{
			"from": [6.9, 3.31314, 18.87151],
			"to": [9.1, 5.31314, 20.47151],
			"rotation": {"angle": 0, "axis": "x", "origin": [8, 4.11314, 18.42151]},
			"faces": {
				"north": {"uv": [12, 0, 16, 4], "texture": "#0"},
				"east": {"uv": [12, 0, 16, 4], "texture": "#0"},
				"south": {"uv": [12, 0, 16, 4], "texture": "#0"},
				"west": {"uv": [12, 0, 16, 4], "texture": "#0"},
				"up": {"uv": [12, 0, 16, 4], "texture": "#0"},
				"down": {"uv": [12, 0, 16, 4], "texture": "#0"}
			}
		},
		{
			"from": [7, 1.88336, 15.796],
			"to": [9, 3.78336, 16.096],
			"rotation": {"angle": 0, "axis": "x", "origin": [8, 3.03336, 16.146]},
			"faces": {
				"north": {"uv": [8, 4, 12, 8], "rotation": 90, "texture": "#0"},
				"east": {"uv": [8, 4, 12, 8], "rotation": 90, "texture": "#0"},
				"south": {"uv": [8, 4, 12, 8], "rotation": 90, "texture": "#0"},
				"west": {"uv": [8, 4, 12, 8], "rotation": 90, "texture": "#0"},
				"up": {"uv": [8, 4, 12, 8], "rotation": 90, "texture": "#0"},
				"down": {"uv": [8, 4, 12, 8], "rotation": 90, "texture": "#0"}
			}
		},
		{
			"from": [7, 2.82016, 15.58922],
			"to": [9, 3.32016, 15.98922],
			"rotation": {"angle": 0, "axis": "x", "origin": [8, 3.07016, 16.13922]},
			"faces": {
				"north": {"uv": [8, 4, 12, 8], "rotation": 90, "texture": "#0"},
				"east": {"uv": [8, 4, 12, 8], "rotation": 90, "texture": "#0"},
				"south": {"uv": [8, 4, 12, 8], "rotation": 90, "texture": "#0"},
				"west": {"uv": [8, 4, 12, 8], "rotation": 90, "texture": "#0"},
				"up": {"uv": [8, 4, 12, 8], "rotation": 90, "texture": "#0"},
				"down": {"uv": [8, 4, 12, 8], "rotation": 90, "texture": "#0"}
			}
		},
		{
			"from": [7.1, 1.88269, 16.01844],
			"to": [8.9, 3.68269, 16.71844],
			"rotation": {"angle": 0, "axis": "x", "origin": [8, 4.48269, 15.66844]},
			"faces": {
				"north": {"uv": [12, 8, 16, 12], "texture": "#0"},
				"east": {"uv": [12, 8, 16, 12], "texture": "#0"},
				"south": {"uv": [12, 8, 16, 12], "texture": "#0"},
				"west": {"uv": [12, 8, 16, 12], "texture": "#0"},
				"up": {"uv": [12, 8, 16, 12], "texture": "#0"},
				"down": {"uv": [12, 8, 16, 12], "texture": "#0"}
			}
		},
		{
			"from": [7.1, 2.10444, 16.2538],
			"to": [8.9, 2.80444, 17.8538],
			"rotation": {"angle": -45, "axis": "x", "origin": [8, 2.55444, 16.7538]},
			"faces": {
				"north": {"uv": [12, 8, 16, 12], "rotation": 180, "texture": "#0"},
				"east": {"uv": [12, 8, 16, 12], "rotation": 270, "texture": "#0"},
				"south": {"uv": [12, 8, 16, 12], "texture": "#0"},
				"west": {"uv": [12, 8, 16, 12], "rotation": 90, "texture": "#0"},
				"up": {"uv": [12, 8, 16, 12], "rotation": 180, "texture": "#0"},
				"down": {"uv": [12, 8, 16, 12], "texture": "#0"}
			}
		},
		{
			"from": [7.1, 3.15588, 18.30551],
			"to": [8.9, 3.35588, 18.50551],
			"rotation": {"angle": 0, "axis": "x", "origin": [8, 3.50588, 17.60551]},
			"faces": {
				"north": {"uv": [12, 8, 16, 12], "rotation": 180, "texture": "#0"},
				"east": {"uv": [12, 8, 16, 12], "rotation": 270, "texture": "#0"},
				"south": {"uv": [12, 8, 16, 12], "texture": "#0"},
				"west": {"uv": [12, 8, 16, 12], "rotation": 90, "texture": "#0"},
				"up": {"uv": [12, 8, 16, 12], "rotation": 180, "texture": "#0"},
				"down": {"uv": [12, 8, 16, 12], "texture": "#0"}
			}
		},
		{
			"from": [7.1, 2.82309, 16.63247],
			"to": [8.9, 3.52309, 18.43247],
			"rotation": {"angle": -22.5, "axis": "x", "origin": [8, 3.17309, 17.63247]},
			"faces": {
				"north": {"uv": [12, 8, 16, 12], "rotation": 180, "texture": "#0"},
				"east": {"uv": [12, 8, 16, 12], "rotation": 270, "texture": "#0"},
				"south": {"uv": [12, 8, 16, 12], "texture": "#0"},
				"west": {"uv": [12, 8, 16, 12], "rotation": 90, "texture": "#0"},
				"up": {"uv": [12, 8, 16, 12], "rotation": 180, "texture": "#0"},
				"down": {"uv": [12, 8, 16, 12], "texture": "#0"}
			}
		},
		{
			"from": [6.9, 5.41314, 20.47151],
			"to": [9.1, 6.51314, 22.37151],
			"rotation": {"angle": 0, "axis": "y", "origin": [0, 0.31314, -1.12849]},
			"faces": {
				"north": {"uv": [8, 4, 12, 8], "texture": "#0"},
				"east": {"uv": [8, 4, 12, 8], "texture": "#0"},
				"south": {"uv": [8, 4, 12, 8], "texture": "#0"},
				"west": {"uv": [8, 4, 12, 8], "texture": "#0"},
				"up": {"uv": [8, 4, 12, 8], "texture": "#0"},
				"down": {"uv": [8, 4, 12, 8], "texture": "#0"}
			}
		},
		{
			"from": [6.9, 5.05499, 21.21692],
			"to": [9.1, 6.15499, 22.91692],
			"rotation": {"angle": -45, "axis": "x", "origin": [8, 5.90499, 21.31692]},
			"faces": {
				"north": {"uv": [8, 4, 12, 8], "texture": "#0"},
				"east": {"uv": [8, 4, 12, 8], "texture": "#0"},
				"south": {"uv": [8, 4, 12, 8], "texture": "#0"},
				"west": {"uv": [8, 4, 12, 8], "texture": "#0"},
				"up": {"uv": [8, 4, 12, 8], "texture": "#0"},
				"down": {"uv": [8, 4, 12, 8], "texture": "#0"}
			}
		},
		{
			"from": [6.9, 3.31314, 22.27151],
			"to": [9.1, 7.21314, 26.47151],
			"rotation": {"angle": 0, "axis": "x", "origin": [7.5, 6.66314, 22.82151]},
			"faces": {
				"north": {"uv": [8, 4, 12, 8], "texture": "#0"},
				"east": {"uv": [8, 4, 12, 8], "texture": "#0"},
				"south": {"uv": [8, 4, 12, 8], "texture": "#0"},
				"west": {"uv": [8, 4, 12, 8], "texture": "#0"},
				"up": {"uv": [8, 4, 12, 8], "texture": "#0"},
				"down": {"uv": [8, 4, 12, 8], "texture": "#0"}
			}
		},
		{
			"from": [6.9, 3.31314, 20.47151],
			"to": [9.1, 5.41314, 22.27151],
			"rotation": {"angle": 0, "axis": "x", "origin": [7.5, 6.66314, 22.82151]},
			"faces": {
				"north": {"uv": [8, 4, 12, 8], "texture": "#0"},
				"east": {"uv": [8, 4, 12, 8], "texture": "#0"},
				"south": {"uv": [8, 4, 12, 8], "texture": "#0"},
				"west": {"uv": [8, 4, 12, 8], "texture": "#0"},
				"up": {"uv": [8, 4, 12, 8], "texture": "#0"},
				"down": {"uv": [8, 4, 12, 8], "texture": "#0"}
			}
		},
		{
			"from": [6.8, 2.71314, 20.87151],
			"to": [9.2, 3.81314, 23.07151],
			"rotation": {"angle": 0, "axis": "x", "origin": [7.5, 6.66314, 22.82151]},
			"faces": {
				"north": {"uv": [8, 0, 12, 4], "texture": "#0"},
				"east": {"uv": [8, 0, 12, 4], "texture": "#0"},
				"south": {"uv": [8, 0, 12, 4], "texture": "#0"},
				"west": {"uv": [8, 0, 12, 4], "texture": "#0"},
				"up": {"uv": [8, 0, 12, 4], "texture": "#0"},
				"down": {"uv": [8, 0, 12, 4], "texture": "#0"}
			}
		},
		{
			"from": [6.9, 1.93844, 24.21545],
			"to": [9.1, 4.43844, 25.51545],
			"rotation": {"angle": -45, "axis": "x", "origin": [8, 2.73844, 24.86545]},
			"faces": {
				"north": {"uv": [8, 4, 12, 8], "texture": "#0"},
				"east": {"uv": [8, 4, 12, 8], "texture": "#0"},
				"south": {"uv": [8, 4, 12, 8], "texture": "#0"},
				"west": {"uv": [8, 4, 12, 8], "texture": "#0"},
				"up": {"uv": [8, 4, 12, 8], "texture": "#0"},
				"down": {"uv": [8, 4, 12, 8], "texture": "#0"}
			}
		},
		{
			"from": [6.9, 1.71314, 24.97151],
			"to": [9.1, 3.31314, 26.47151],
			"rotation": {"angle": 0, "axis": "x", "origin": [7.5, 6.66314, 22.82151]},
			"faces": {
				"north": {"uv": [8, 4, 12, 8], "texture": "#0"},
				"east": {"uv": [8, 4, 12, 8], "texture": "#0"},
				"south": {"uv": [8, 4, 12, 8], "texture": "#0"},
				"west": {"uv": [8, 4, 12, 8], "texture": "#0"},
				"up": {"uv": [8, 4, 12, 8], "texture": "#0"},
				"down": {"uv": [8, 4, 12, 8], "texture": "#0"}
			}
		},
		{
			"from": [6.9, 1.51314, 26.47151],
			"to": [9.1, 7.31314, 26.67151],
			"rotation": {"angle": 0, "axis": "x", "origin": [7.5, 6.66314, 22.82151]},
			"faces": {
				"north": {"uv": [12, 0, 16, 4], "texture": "#0"},
				"east": {"uv": [12, 0, 16, 4], "texture": "#0"},
				"south": {"uv": [12, 0, 16, 4], "texture": "#0"},
				"west": {"uv": [12, 0, 16, 4], "texture": "#0"},
				"up": {"uv": [12, 0, 16, 4], "texture": "#0"},
				"down": {"uv": [12, 0, 16, 4], "texture": "#0"}
			}
		},
		{
			"from": [9.3, 3.01314, 26.27151],
			"to": [9.4, 6.01314, 26.47151],
			"rotation": {"angle": 0, "axis": "x", "origin": [7.5, 6.66314, 22.82151]},
			"faces": {
				"north": {"uv": [12, 8, 16, 12], "texture": "#0"},
				"east": {"uv": [12, 8, 16, 12], "texture": "#0"},
				"south": {"uv": [12, 8, 16, 12], "texture": "#0"},
				"west": {"uv": [12, 8, 16, 12], "texture": "#0"},
				"up": {"uv": [12, 8, 16, 12], "texture": "#0"},
				"down": {"uv": [12, 8, 16, 12], "texture": "#0"}
			}
		},
		{
			"from": [9.3, 3.91314, 25.87151],
			"to": [9.4, 5.11314, 26.07151],
			"rotation": {"angle": 0, "axis": "x", "origin": [7.5, 6.66314, 22.82151]},
			"faces": {
				"north": {"uv": [8, 0, 12, 4], "texture": "#0"},
				"east": {"uv": [8, 0, 12, 4], "texture": "#0"},
				"south": {"uv": [8, 0, 12, 4], "texture": "#0"},
				"west": {"uv": [8, 0, 12, 4], "texture": "#0"},
				"up": {"uv": [8, 0, 12, 4], "texture": "#0"},
				"down": {"uv": [8, 0, 12, 4], "texture": "#0"}
			}
		},
		{
			"from": [9.1, 2.41314, 25.67151],
			"to": [9.3, 6.61314, 26.67151],
			"rotation": {"angle": 0, "axis": "x", "origin": [7.5, 6.66314, 22.82151]},
			"faces": {
				"north": {"uv": [12, 0, 16, 4], "texture": "#0"},
				"east": {"uv": [12, 0, 16, 4], "texture": "#0"},
				"south": {"uv": [12, 0, 16, 4], "texture": "#0"},
				"west": {"uv": [12, 0, 16, 4], "texture": "#0"},
				"up": {"uv": [12, 0, 16, 4], "texture": "#0"},
				"down": {"uv": [12, 0, 16, 4], "texture": "#0"}
			}
		},
		{
			"from": [6.6, 3.91314, 25.87151],
			"to": [6.7, 5.11314, 26.07151],
			"rotation": {"angle": 0, "axis": "x", "origin": [7.5, 6.66314, 22.82151]},
			"faces": {
				"north": {"uv": [8, 0, 12, 4], "texture": "#0"},
				"east": {"uv": [8, 0, 12, 4], "texture": "#0"},
				"south": {"uv": [8, 0, 12, 4], "texture": "#0"},
				"west": {"uv": [8, 0, 12, 4], "texture": "#0"},
				"up": {"uv": [8, 0, 12, 4], "texture": "#0"},
				"down": {"uv": [8, 0, 12, 4], "texture": "#0"}
			}
		},
		{
			"from": [6.7, 2.41314, 25.67151],
			"to": [6.9, 6.61314, 26.67151],
			"rotation": {"angle": 0, "axis": "x", "origin": [7.5, 6.66314, 22.82151]},
			"faces": {
				"north": {"uv": [12, 0, 16, 4], "texture": "#0"},
				"east": {"uv": [12, 0, 16, 4], "texture": "#0"},
				"south": {"uv": [12, 0, 16, 4], "texture": "#0"},
				"west": {"uv": [12, 0, 16, 4], "texture": "#0"},
				"up": {"uv": [12, 0, 16, 4], "texture": "#0"},
				"down": {"uv": [12, 0, 16, 4], "texture": "#0"}
			}
		},
		{
			"from": [6.6, 3.01314, 26.27151],
			"to": [6.7, 6.01314, 26.47151],
			"rotation": {"angle": 0, "axis": "x", "origin": [7.5, 6.66314, 22.82151]},
			"faces": {
				"north": {"uv": [12, 8, 16, 12], "texture": "#0"},
				"east": {"uv": [12, 8, 16, 12], "texture": "#0"},
				"south": {"uv": [12, 8, 16, 12], "texture": "#0"},
				"west": {"uv": [12, 8, 16, 12], "texture": "#0"},
				"up": {"uv": [12, 8, 16, 12], "texture": "#0"},
				"down": {"uv": [12, 8, 16, 12], "texture": "#0"}
			}
		},
		{
			"from": [7.85, 6.4, 6.7],
			"to": [8.15, 6.6, 7.7],
			"rotation": {"angle": 0, "axis": "x", "origin": [8, 6.2, 8.8]},
			"faces": {
				"north": {"uv": [8, 8, 12, 12], "texture": "#0"},
				"east": {"uv": [8, 8, 12, 12], "texture": "#0"},
				"south": {"uv": [8, 8, 12, 12], "texture": "#0"},
				"west": {"uv": [8, 8, 12, 12], "texture": "#0"},
				"up": {"uv": [8, 8, 12, 12], "texture": "#0"},
				"down": {"uv": [8, 8, 12, 12], "texture": "#0"}
			}
		},
		{
			"from": [7.85, 6.4, 7.7],
			"to": [8.15, 6.6, 8.7],
			"rotation": {"angle": 0, "axis": "x", "origin": [8, 6.2, 8.8]},
			"faces": {
				"north": {"uv": [8, 4, 12, 8], "texture": "#0"},
				"east": {"uv": [8, 4, 12, 8], "texture": "#0"},
				"south": {"uv": [8, 4, 12, 8], "texture": "#0"},
				"west": {"uv": [8, 4, 12, 8], "texture": "#0"},
				"up": {"uv": [8, 4, 12, 8], "texture": "#0"},
				"down": {"uv": [8, 4, 12, 8], "texture": "#0"}
			}
		},
		{
			"from": [7.85, 7.15986, 8.4982],
			"to": [8.15, 7.35986, 8.6682],
			"rotation": {"angle": -22.5, "axis": "x", "origin": [7.8, 7.25986, 8.5832]},
			"faces": {
				"north": {"uv": [8, 4, 12, 8], "rotation": 180, "texture": "#0"},
				"east": {"uv": [8, 4, 12, 8], "rotation": 90, "texture": "#0"},
				"south": {"uv": [8, 4, 12, 8], "texture": "#0"},
				"west": {"uv": [8, 4, 12, 8], "rotation": 270, "texture": "#0"},
				"up": {"uv": [8, 4, 12, 8], "texture": "#0"},
				"down": {"uv": [8, 4, 12, 8], "rotation": 180, "texture": "#0"}
			}
		},
		{
			"from": [7.85, 6.88581, 7.81886],
			"to": [8.15, 7.08581, 7.91886],
			"rotation": {"angle": -45, "axis": "x", "origin": [7.8, 7.98581, 7.66886]},
			"faces": {
				"north": {"uv": [8, 4, 12, 8], "rotation": 180, "texture": "#0"},
				"east": {"uv": [8, 4, 12, 8], "rotation": 90, "texture": "#0"},
				"south": {"uv": [8, 4, 12, 8], "texture": "#0"},
				"west": {"uv": [8, 4, 12, 8], "rotation": 270, "texture": "#0"},
				"up": {"uv": [8, 4, 12, 8], "texture": "#0"},
				"down": {"uv": [8, 4, 12, 8], "rotation": 180, "texture": "#0"}
			}
		},
		{
			"from": [7.85, 6.6, 8.5],
			"to": [8.15, 7.2, 8.7],
			"rotation": {"angle": 0, "axis": "x", "origin": [7.8, 6.9, 8.6]},
			"faces": {
				"north": {"uv": [8, 4, 12, 8], "rotation": 180, "texture": "#0"},
				"east": {"uv": [8, 4, 12, 8], "rotation": 90, "texture": "#0"},
				"south": {"uv": [8, 4, 12, 8], "texture": "#0"},
				"west": {"uv": [8, 4, 12, 8], "rotation": 270, "texture": "#0"},
				"up": {"uv": [8, 4, 12, 8], "texture": "#0"},
				"down": {"uv": [8, 4, 12, 8], "rotation": 180, "texture": "#0"}
			}
		},
		{
			"from": [7.85, 7.15986, 8.4832],
			"to": [8.15, 7.40986, 8.5832],
			"rotation": {"angle": 0, "axis": "x", "origin": [7.799, 6.75986, 8.5832]},
			"faces": {
				"north": {"uv": [8, 4, 12, 8], "rotation": 180, "texture": "#0"},
				"east": {"uv": [8, 4, 12, 8], "rotation": 90, "texture": "#0"},
				"south": {"uv": [8, 4, 12, 8], "texture": "#0"},
				"west": {"uv": [8, 4, 12, 8], "rotation": 270, "texture": "#0"},
				"up": {"uv": [8, 4, 12, 8], "texture": "#0"},
				"down": {"uv": [8, 4, 12, 8], "rotation": 180, "texture": "#0"}
			}
		},
		{
			"from": [7.85, 6.6, 8.4],
			"to": [8.15, 6.8, 8.5],
			"rotation": {"angle": 0, "axis": "x", "origin": [7.8, 6.9, 8.6]},
			"faces": {
				"north": {"uv": [8, 4, 12, 8], "rotation": 180, "texture": "#0"},
				"east": {"uv": [8, 4, 12, 8], "rotation": 90, "texture": "#0"},
				"south": {"uv": [8, 4, 12, 8], "texture": "#0"},
				"west": {"uv": [8, 4, 12, 8], "rotation": 270, "texture": "#0"},
				"up": {"uv": [8, 4, 12, 8], "texture": "#0"},
				"down": {"uv": [8, 4, 12, 8], "rotation": 180, "texture": "#0"}
			}
		},
		{
			"from": [7.85, 6.49599, 8.32018],
			"to": [8.15, 7.19599, 8.52018],
			"rotation": {"angle": 22.5, "axis": "x", "origin": [7.8, 6.74599, 8.42018]},
			"faces": {
				"north": {"uv": [8, 4, 12, 8], "rotation": 180, "texture": "#0"},
				"east": {"uv": [8, 4, 12, 8], "rotation": 90, "texture": "#0"},
				"south": {"uv": [8, 4, 12, 8], "texture": "#0"},
				"west": {"uv": [8, 4, 12, 8], "rotation": 270, "texture": "#0"},
				"up": {"uv": [8, 4, 12, 8], "texture": "#0"},
				"down": {"uv": [8, 4, 12, 8], "rotation": 180, "texture": "#0"}
			}
		},
		{
			"from": [7.85, 6.28837, 8.35845],
			"to": [8.15, 6.98837, 8.55845],
			"rotation": {"angle": 45, "axis": "x", "origin": [7.8, 6.83837, 8.45845]},
			"faces": {
				"north": {"uv": [8, 4, 12, 8], "rotation": 180, "texture": "#0"},
				"east": {"uv": [8, 4, 12, 8], "rotation": 90, "texture": "#0"},
				"south": {"uv": [8, 4, 12, 8], "texture": "#0"},
				"west": {"uv": [8, 4, 12, 8], "rotation": 270, "texture": "#0"},
				"up": {"uv": [8, 4, 12, 8], "texture": "#0"},
				"down": {"uv": [8, 4, 12, 8], "rotation": 180, "texture": "#0"}
			}
		},
		{
			"from": [6.7, 3.9, 3],
			"to": [7, 4.6, 3.7],
			"faces": {
				"north": {"uv": [4, 8, 5, 9], "rotation": 180, "texture": "#0"},
				"east": {"uv": [4, 8, 8, 12], "rotation": 180, "texture": "#0"},
				"south": {"uv": [4, 8, 5, 9], "rotation": 180, "texture": "#0"},
				"west": {"uv": [4, 8, 8, 12], "rotation": 180, "texture": "#0"},
				"up": {"uv": [4, 8, 5, 9], "rotation": 180, "texture": "#0"},
				"down": {"uv": [4, 8, 5, 9], "rotation": 180, "texture": "#0"}
			}
		},
		{
			"from": [9, 3.9, 3],
			"to": [9.3, 4.6, 3.7],
			"faces": {
				"north": {"uv": [4, 8, 5, 9], "rotation": 180, "texture": "#0"},
				"east": {"uv": [4, 8, 8, 12], "texture": "#0"},
				"south": {"uv": [4, 8, 5, 9], "rotation": 180, "texture": "#0"},
				"west": {"uv": [4, 8, 5, 9], "rotation": 180, "texture": "#0"},
				"up": {"uv": [4, 8, 5, 9], "rotation": 180, "texture": "#0"},
				"down": {"uv": [4, 8, 5, 9], "rotation": 180, "texture": "#0"}
			}
		},
		{
			"from": [7, 6.2, 13.7],
			"to": [7.3, 6.8, 14.3],
			"faces": {
				"north": {"uv": [4, 8, 5, 9], "rotation": 180, "texture": "#0"},
				"east": {"uv": [4, 8, 8, 12], "rotation": 180, "texture": "#0"},
				"south": {"uv": [4, 8, 5, 9], "rotation": 180, "texture": "#0"},
				"west": {"uv": [4, 8, 8, 12], "rotation": 180, "texture": "#0"},
				"up": {"uv": [4, 8, 5, 9], "rotation": 180, "texture": "#0"},
				"down": {"uv": [4, 8, 5, 9], "rotation": 180, "texture": "#0"}
			}
		},
		{
			"from": [8.7, 6.2, 13.7],
			"to": [9, 6.8, 14.3],
			"faces": {
				"north": {"uv": [4, 8, 5, 9], "rotation": 180, "texture": "#0"},
				"east": {"uv": [4, 8, 8, 12], "rotation": 180, "texture": "#0"},
				"south": {"uv": [4, 8, 5, 9], "rotation": 180, "texture": "#0"},
				"west": {"uv": [4, 8, 5, 9], "rotation": 180, "texture": "#0"},
				"up": {"uv": [4, 8, 5, 9], "rotation": 180, "texture": "#0"},
				"down": {"uv": [4, 8, 5, 9], "rotation": 180, "texture": "#0"}
			}
		},
		{
			"from": [6.6, 3.5, 15.3],
			"to": [6.9, 4.2, 16],
			"faces": {
				"north": {"uv": [4, 8, 5, 9], "rotation": 180, "texture": "#0"},
				"east": {"uv": [4, 8, 8, 12], "rotation": 180, "texture": "#0"},
				"south": {"uv": [4, 8, 5, 9], "rotation": 180, "texture": "#0"},
				"west": {"uv": [4, 8, 8, 12], "rotation": 180, "texture": "#0"},
				"up": {"uv": [4, 8, 5, 9], "rotation": 180, "texture": "#0"},
				"down": {"uv": [4, 8, 5, 9], "rotation": 180, "texture": "#0"}
			}
		},
		{
			"from": [6.7, 6.1, 22.1],
			"to": [6.9, 6.6, 22.6],
			"faces": {
				"north": {"uv": [4, 8, 5, 9], "rotation": 180, "texture": "#0"},
				"east": {"uv": [4, 8, 8, 12], "rotation": 180, "texture": "#0"},
				"south": {"uv": [4, 8, 5, 9], "rotation": 180, "texture": "#0"},
				"west": {"uv": [4, 8, 8, 12], "rotation": 180, "texture": "#0"},
				"up": {"uv": [4, 8, 5, 9], "rotation": 180, "texture": "#0"},
				"down": {"uv": [4, 8, 5, 9], "rotation": 180, "texture": "#0"}
			}
		},
		{
			"from": [6.7, 6.5, 23.6],
			"to": [6.9, 7, 24.1],
			"faces": {
				"north": {"uv": [4, 8, 5, 9], "rotation": 180, "texture": "#0"},
				"east": {"uv": [4, 8, 8, 12], "rotation": 180, "texture": "#0"},
				"south": {"uv": [4, 8, 5, 9], "rotation": 180, "texture": "#0"},
				"west": {"uv": [4, 8, 8, 12], "rotation": 180, "texture": "#0"},
				"up": {"uv": [4, 8, 5, 9], "rotation": 180, "texture": "#0"},
				"down": {"uv": [4, 8, 5, 9], "rotation": 180, "texture": "#0"}
			}
		},
		{
			"from": [9.2, 6.5, 23.6],
			"to": [9.4, 7, 24.1],
			"faces": {
				"north": {"uv": [4, 8, 5, 9], "rotation": 180, "texture": "#0"},
				"east": {"uv": [4, 8, 8, 12], "rotation": 180, "texture": "#0"},
				"south": {"uv": [4, 8, 5, 9], "rotation": 180, "texture": "#0"},
				"west": {"uv": [4, 8, 5, 9], "rotation": 180, "texture": "#0"},
				"up": {"uv": [4, 8, 5, 9], "rotation": 180, "texture": "#0"},
				"down": {"uv": [4, 8, 5, 9], "rotation": 180, "texture": "#0"}
			}
		},
		{
			"from": [9.2, 6.1, 22.1],
			"to": [9.4, 6.6, 22.6],
			"faces": {
				"north": {"uv": [4, 8, 5, 9], "rotation": 180, "texture": "#0"},
				"east": {"uv": [4, 8, 8, 12], "rotation": 180, "texture": "#0"},
				"south": {"uv": [4, 8, 5, 9], "rotation": 180, "texture": "#0"},
				"west": {"uv": [4, 8, 5, 9], "rotation": 180, "texture": "#0"},
				"up": {"uv": [4, 8, 5, 9], "rotation": 180, "texture": "#0"},
				"down": {"uv": [4, 8, 5, 9], "rotation": 180, "texture": "#0"}
			}
		},
		{
			"from": [9.1, 3.5, 15.3],
			"to": [9.4, 4.2, 16],
			"faces": {
				"north": {"uv": [4, 8, 5, 9], "rotation": 180, "texture": "#0"},
				"east": {"uv": [4, 8, 8, 12], "rotation": 180, "texture": "#0"},
				"south": {"uv": [4, 8, 5, 9], "rotation": 180, "texture": "#0"},
				"west": {"uv": [4, 8, 5, 9], "rotation": 180, "texture": "#0"},
				"up": {"uv": [4, 8, 5, 9], "rotation": 180, "texture": "#0"},
				"down": {"uv": [4, 8, 5, 9], "rotation": 180, "texture": "#0"}
			}
		}
	],
	"display": {
		"thirdperson_righthand": {
			"translation": [0, 4, -0.5],
			"scale": [0.7, 0.7, 0.7]
		},
		"thirdperson_lefthand": {
			"scale": [0, 0, 0]
		},
		"firstperson_righthand": {
			"rotation": [28, -15, -24],
			"translation": [10.5, 15, -11]
		},
		"firstperson_lefthand": {
			"scale": [0, 0, 0]
		},
		"ground": {
			"rotation": [0, 0, 90],
			"translation": [-2.5, 0, -2.25]
		},
		"gui": {
			"rotation": [90, 45, -90],
			"translation": [1, 5, 0],
			"scale": [0.9, 0.9, 0.9]
		},
		"head": {
			"rotation": [0, 0, 90],
			"translation": [-3, -42.5, -1.5]
		},
		"fixed": {
			"rotation": [0, -90, 0],
			"translation": [1.5, 3.75, 0]
		}
	},
	"groups": [
		{
			"name": "group",
			"origin": [8, 3.17309, 17.63247],
			"color": 0,
			"children": [0, 1, 2, 3, 4, 5, 6, 7, 8, 9, 10, 11, 12, 13, 14, 15, 16, 17, 18, 19, 20, 21, 22, 23, 24, 25, 26, 27, 28, 29, 30, 31, 32, 33, 34, 35, 36, 37, 38, 39, 40, 41, 42, 43, 44, 45, 46, 47, 48, 49, 50, 51, 52, 53, 54, 55, 56, 57, 58, 59, 60, 61, 62, 63, 64, 65, 66, 67, 68, 69, 70, 71, 72, 73, 74, 75, 76, 77, 78, 79, 80, 81, 82, 83, 84, 85, 86, 87, 88, 89, 90, 91, 92, 93, 94, 95, 96, 97, 98, 99, 100, 101]
		},
		{
			"name": "group",
			"origin": [7.5, 6.62337, 23.48113],
			"color": 0,
			"children": [102, 103, 104, 105, 106, 107, 108, 109, 110, 111, 112, 113, 114, 115]
		},
		{
			"name": "group",
			"origin": [0, 0, 0],
			"color": 0,
			"children": [116, 117, 118, 119, 120, 121, 122, 123, 124]
		},
		{
			"name": "group",
			"origin": [8, 8, 8],
			"color": 0,
			"children": [125, 126, 127, 128, 129, 130, 131, 132, 133, 134]
		}
	]
}