{
	"credit": "Made with Blockbench",
	"textures": {
		"0": "generic:item/flame/0",
		"particle": "generic:item/flame/0"
	},
	"elements": [
		{
			"from": [0, 0, 8],
			"to": [16, 6, 8],
			"rotation": {"angle": 0, "axis": "y", "origin": [-0.5, 0, -0.5]},
			"faces": {
				"north": {"uv": [0, 0, 16, 16], "texture": "#0"},
				"east": {"uv": [0, 0, 16, 16], "texture": "#0"},
				"south": {"uv": [0, 0, 16, 16], "texture": "#0"},
				"west": {"uv": [0, 0, 16, 16], "texture": "#0"},
				"up": {"uv": [0, 0, 16, 16], "texture": "#0"},
				"down": {"uv": [0, 0, 16, 16], "texture": "#0"}
			}
		}
	],
	"display": {
		"ground": {
			"translation": [0, 10.5, 0],
			"scale": [2, 2, 2]
		}
	}
}