{
	"credit": "Made with Blockbench",
	"textures": {
		"0": "slot_4:item/flash/0",
		"particle": "slot_4:item/flash/0"
	},
	"elements": [
		{
			"from": [4, 0, 4],
			"to": [12, 1.6, 12],
			"rotation": {"angle": 0, "axis": "y", "origin": [4, 0, 4]},
			"faces": {
				"north": {"uv": [1, 4, 2, 5], "texture": "#0"},
				"east": {"uv": [0, 1, 1, 2], "texture": "#0"},
				"south": {"uv": [1, 0, 2, 1], "texture": "#0"},
				"west": {"uv": [1, 1, 2, 2], "texture": "#0"},
				"up": {"uv": [1, 3, 0, 2], "texture": "#0"},
				"down": {"uv": [3, 0, 2, 1], "texture": "#0"}
			}
		},
		{
			"from": [4, 15.2, 4],
			"to": [12, 16.8, 12],
			"rotation": {"angle": 0, "axis": "y", "origin": [4, 0, 4]},
			"faces": {
				"north": {"uv": [1, 4, 2, 5], "texture": "#0"},
				"east": {"uv": [0, 1, 1, 2], "texture": "#0"},
				"south": {"uv": [1, 0, 2, 1], "texture": "#0"},
				"west": {"uv": [1, 1, 2, 2], "texture": "#0"},
				"up": {"uv": [1, 3, 0, 2], "texture": "#0"},
				"down": {"uv": [3, 0, 2, 1], "texture": "#0"}
			}
		},
		{
			"from": [6, 16.8, 6],
			"to": [10, 19.4, 10],
			"rotation": {"angle": 0, "axis": "y", "origin": [4, 0, 4]},
			"faces": {
				"north": {"uv": [14, 1, 15, 2], "texture": "#0"},
				"east": {"uv": [14, 1, 15, 2], "texture": "#0"},
				"south": {"uv": [14, 1, 15, 2], "texture": "#0"},
				"west": {"uv": [14, 1, 15, 2], "texture": "#0"},
				"up": {"uv": [14, 1, 15, 2], "texture": "#0"},
				"down": {"uv": [14, 1, 15, 2], "texture": "#0"}
			}
		},
		{
			"from": [5.1, 21.4, 5],
			"to": [10.9, 21.8, 11],
			"rotation": {"angle": 0, "axis": "y", "origin": [4, 0, 4]},
			"faces": {
				"north": {"uv": [11, 0, 16, 1], "texture": "#0"},
				"east": {"uv": [11, 0, 16, 1], "texture": "#0"},
				"south": {"uv": [11, 0, 16, 1], "texture": "#0"},
				"west": {"uv": [11, 0, 16, 1], "texture": "#0"},
				"up": {"uv": [11, 0, 16, 1], "texture": "#0"},
				"down": {"uv": [11, 0, 16, 1], "texture": "#0"}
			}
		},
		{
			"from": [6.6, 19.4, 5],
			"to": [9.4, 21.4, 10.5],
			"rotation": {"angle": 0, "axis": "y", "origin": [4, 0, 4]},
			"faces": {
				"north": {"uv": [11, 0, 16, 1], "texture": "#0"},
				"east": {"uv": [11, 0, 16, 1], "texture": "#0"},
				"south": {"uv": [11, 0, 16, 1], "texture": "#0"},
				"west": {"uv": [11, 0, 16, 1], "texture": "#0"},
				"up": {"uv": [11, 0, 16, 1], "texture": "#0"},
				"down": {"uv": [11, 0, 16, 1], "texture": "#0"}
			}
		},
		{
			"from": [7.1, 20.62721, 2.78701],
			"to": [8.9, 21.92721, 6.88701],
			"rotation": {"angle": -45, "axis": "x", "origin": [8, 19.12721, 7.88701]},
			"faces": {
				"north": {"uv": [12, 2, 16, 3], "texture": "#0"},
				"east": {"uv": [12, 2, 16, 3], "texture": "#0"},
				"south": {"uv": [12, 2, 16, 3], "texture": "#0"},
				"west": {"uv": [12, 2, 16, 3], "texture": "#0"},
				"up": {"uv": [12, 2, 16, 3], "texture": "#0"},
				"down": {"uv": [12, 2, 16, 3], "texture": "#0"}
			}
		},
		{
			"from": [7.2, 7.50086, 2.30086],
			"to": [8.8, 17.50086, 3.20086],
			"rotation": {"angle": 0, "axis": "x", "origin": [8, 18.50086, 3.70086]},
			"faces": {
				"north": {"uv": [16, 1, 11, 0], "rotation": 180, "texture": "#0"},
				"east": {"uv": [16, 1, 11, 0], "rotation": 180, "texture": "#0"},
				"south": {"uv": [16, 1, 11, 0], "rotation": 180, "texture": "#0"},
				"west": {"uv": [16, 1, 11, 0], "rotation": 180, "texture": "#0"},
				"up": {"uv": [16, 1, 11, 0], "rotation": 180, "texture": "#0"},
				"down": {"uv": [16, 1, 11, 0], "rotation": 180, "texture": "#0"}
			}
		},
		{
			"from": [4.4, 14.6, 4.4],
			"to": [11.6, 15.2, 11.6],
			"rotation": {"angle": 0, "axis": "y", "origin": [4, 0, 4]},
			"faces": {
				"north": {"uv": [1, 4, 2, 5], "texture": "#0"},
				"east": {"uv": [0, 1, 1, 2], "texture": "#0"},
				"south": {"uv": [1, 0, 2, 1], "texture": "#0"},
				"west": {"uv": [1, 1, 2, 2], "texture": "#0"},
				"up": {"uv": [1, 3, 0, 2], "texture": "#0"},
				"down": {"uv": [3, 0, 2, 1], "texture": "#0"}
			}
		},
		{
			"from": [5.4, 2.2, 9.9],
			"to": [10.6, 14.6, 10.7],
			"rotation": {"angle": 0, "axis": "y", "origin": [10.4, 7.4, 8.05]},
			"faces": {
				"north": {"uv": [0, 0, 1, 16], "texture": "#0"},
				"east": {"uv": [0, 0, 1, 16], "texture": "#0"},
				"south": {"uv": [0, 0, 11, 16], "texture": "#0"},
				"west": {"uv": [0, 0, 1, 16], "texture": "#0"},
				"up": {"uv": [0, 0, 1, 16], "texture": "#0"},
				"down": {"uv": [0, 0, 1, 16], "texture": "#0"}
			}
		},
		{
			"from": [4.4, 1.6, 4.4],
			"to": [11.6, 2.2, 11.6],
			"rotation": {"angle": 0, "axis": "y", "origin": [6.85, 4.15, 6.85]},
			"faces": {
				"north": {"uv": [1, 1, 2, 2], "texture": "#0"},
				"east": {"uv": [1, 4, 2, 5], "texture": "#0"},
				"south": {"uv": [0, 1, 1, 2], "texture": "#0"},
				"west": {"uv": [1, 0, 2, 1], "texture": "#0"},
				"up": {"uv": [1, 3, 0, 2], "rotation": 90, "texture": "#0"},
				"down": {"uv": [3, 0, 2, 1], "rotation": 270, "texture": "#0"}
			}
		},
		{
			"from": [5.3, 2.2, 5.4],
			"to": [6.1, 14.6, 10.6],
			"rotation": {"angle": 0, "axis": "y", "origin": [6.85, 4.15, 6.85]},
			"faces": {
				"north": {"uv": [0, 0, 0, 16], "texture": "#0"},
				"east": {"uv": [0, 0, 0, 16], "texture": "#0"},
				"south": {"uv": [0, 0, 0, 16], "texture": "#0"},
				"west": {"uv": [0, 0, 11, 16], "texture": "#0"},
				"up": {"uv": [0, 0, 0, 16], "rotation": 180, "texture": "#0"},
				"down": {"uv": [0, 0, 0, 16], "rotation": 180, "texture": "#0"}
			}
		},
		{
			"from": [5.4, 2.2, 5.3],
			"to": [10.6, 14.6, 6.1],
			"rotation": {"angle": 0, "axis": "y", "origin": [6.85, 4.15, 6.85]},
			"faces": {
				"north": {"uv": [0, 0, 11, 16], "texture": "#0"},
				"east": {"uv": [0, 0, 1, 16], "texture": "#0"},
				"south": {"uv": [0, 0, 1, 16], "texture": "#0"},
				"west": {"uv": [0, 0, 1, 16], "texture": "#0"},
				"up": {"uv": [0, 0, 1, 16], "rotation": 180, "texture": "#0"},
				"down": {"uv": [0, 0, 1, 16], "rotation": 180, "texture": "#0"}
			}
		},
		{
			"from": [9.9, 2.2, 5.4],
			"to": [10.7, 14.6, 10.6],
			"rotation": {"angle": 0, "axis": "y", "origin": [9.125, 4.15, 8]},
			"faces": {
				"north": {"uv": [0, 0, 0, 16], "texture": "#0"},
				"east": {"uv": [0, 0, 11, 16], "texture": "#0"},
				"south": {"uv": [0, 0, 0, 16], "texture": "#0"},
				"west": {"uv": [0, 0, 0, 16], "texture": "#0"},
				"up": {"uv": [0, 0, 0, 16], "texture": "#0"},
				"down": {"uv": [0, 0, 0, 16], "texture": "#0"}
			}
		},
		{
			"from": [7, 20, 6],
			"to": [11, 20.3, 6.3],
			"faces": {
				"north": {"uv": [13, 5, 15.3, 7.3], "texture": "#0"},
				"east": {"uv": [13, 5, 15.3, 7.3], "texture": "#0"},
				"south": {"uv": [13, 5, 15.3, 7.3], "texture": "#0"},
				"west": {"uv": [13, 5, 15.3, 7.3], "texture": "#0"},
				"up": {"uv": [13, 5, 15.3, 7.3], "texture": "#0"},
				"down": {"uv": [13, 5, 15.3, 7.3], "texture": "#0"}
			}
		},
		{
			"from": [9.14189, 19.6304, 4.2],
			"to": [9.54189, 19.9304, 8.2],
			"rotation": {"angle": 22.5, "axis": "z", "origin": [9.34189, 23.7804, 11]},
			"faces": {
				"north": {"uv": [13, 5, 15.3, 7.3], "texture": "#0"},
				"east": {"uv": [13, 5, 15.3, 7.3], "texture": "#0"},
				"south": {"uv": [13, 5, 15.3, 7.3], "texture": "#0"},
				"west": {"uv": [13, 5, 15.3, 7.3], "texture": "#0"},
				"up": {"uv": [13, 5, 15.3, 7.3], "texture": "#0"},
				"down": {"uv": [13, 5, 15.3, 7.3], "texture": "#0"}
			}
		},
		{
			"from": [9.14189, 15.7804, 8.05],
			"to": [9.54189, 19.7804, 8.35],
			"rotation": {"angle": 22.5, "axis": "z", "origin": [9.34189, 23.7804, 11]},
			"faces": {
				"north": {"uv": [13, 5, 15.3, 7.3], "rotation": 180, "texture": "#0"},
				"east": {"uv": [13, 5, 15.3, 7.3], "rotation": 90, "texture": "#0"},
				"south": {"uv": [13, 5, 15.3, 7.3], "texture": "#0"},
				"west": {"uv": [13, 5, 15.3, 7.3], "rotation": 270, "texture": "#0"},
				"up": {"uv": [13, 5, 15.3, 7.3], "texture": "#0"},
				"down": {"uv": [13, 5, 15.3, 7.3], "rotation": 180, "texture": "#0"}
			}
		},
		{
			"from": [9.14189, 15.6304, 4.2],
			"to": [9.54189, 15.9304, 8.2],
			"rotation": {"angle": 22.5, "axis": "z", "origin": [9.34189, 23.7804, 11]},
			"faces": {
				"north": {"uv": [13, 5, 15.3, 7.3], "rotation": 180, "texture": "#0"},
				"east": {"uv": [13, 5, 15.3, 7.3], "rotation": 180, "texture": "#0"},
				"south": {"uv": [13, 5, 15.3, 7.3], "rotation": 180, "texture": "#0"},
				"west": {"uv": [13, 5, 15.3, 7.3], "rotation": 180, "texture": "#0"},
				"up": {"uv": [13, 5, 15.3, 7.3], "texture": "#0"},
				"down": {"uv": [13, 5, 15.3, 7.3], "texture": "#0"}
			}
		},
		{
			"from": [9.14189, 15.7804, 4.05],
			"to": [9.54189, 19.7804, 4.35],
			"rotation": {"angle": 22.5, "axis": "z", "origin": [9.34189, 23.7804, 11]},
			"faces": {
				"north": {"uv": [13, 5, 15.3, 7.3], "rotation": 180, "texture": "#0"},
				"east": {"uv": [13, 5, 15.3, 7.3], "rotation": 270, "texture": "#0"},
				"south": {"uv": [13, 5, 15.3, 7.3], "texture": "#0"},
				"west": {"uv": [13, 5, 15.3, 7.3], "rotation": 90, "texture": "#0"},
				"up": {"uv": [13, 5, 15.3, 7.3], "rotation": 180, "texture": "#0"},
				"down": {"uv": [13, 5, 15.3, 7.3], "texture": "#0"}
			}
		}
	],
	"display": {
		"thirdperson_righthand": {
			"rotation": [0, 90, 0],
			"scale": [0.3, 0.3, 0.3]
		},
		"thirdperson_lefthand": {
			"scale": [0, 0, 0]
		},
		"firstperson_righthand": {
			"rotation": [0, -166, 0],
			"translation": [-6.5, 9, 0],
			"scale": [0.3, 0.3, 0.3]
		},
		"firstperson_lefthand": {
			"scale": [0, 0, 0]
		},
		"ground": {
			"rotation": [0, 0, 90],
			"scale": [0.5, 0.5, 0.5]
		},
		"gui": {
			"rotation": [0, -90, 0],
			"translation": [0, -2, 0],
			"scale": [0.7, 0.7, 0.7]
		},
		"head": {
			"rotation": [90, 0, 0],
			"translation": [0, -42.5, -1.5],
			"scale": [0.5, 0.5, 0.5]
		},
		"fixed": {
			"translation": [0, -2.5, -3],
			"scale": [0.7, 0.7, 0.7]
		}
	},
	"groups": [
		0,
		1,
		2,
		3,
		4,
		5,
		6,
		7,
		8,
		9,
		10,
		11,
		12,
		{
			"name": "group",
			"origin": [8, 8, 8],
			"color": 0,
			"nbt": "{}",
			"armAnimationEnabled": false,
			"children": [13, 14, 15, 16, 17]
		}
	]
}