{
	"killsound1": {
		"sounds": [
			{
				"name": "killsound/drum1",
				"stream": true
			}		]
	},
	"killsound2": {
		"sounds": [
			{
				"name": "killsound/drum2",
				"stream": true
			}		]
	},
	"killsound3": {
		"sounds": [
			{
				"name": "killsound/drum3",
				"stream": true
			}		]
	},
	"killsound4": {
		"sounds": [
			{
				"name": "killsound/drum4",
				"stream": true
			}		]
	},
	"killsound5": {
		"sounds": [
			{
				"name": "killsound/drum5",
				"stream": true
			}		]
	},
	"fart1": {
		"sounds": [
			{
				"name": "easter_eggs/fart1",
				"stream": true
			}		]
	},
	"fart2": {
		"sounds": [
			{
				"name": "easter_eggs/fart2",
				"stream": true
			}		]
	},
	"johncena": {
		"sounds": [
			{
				"name": "easter_eggs/johncena",
				"stream": true
			}		]
	},
	"bet": {
		"sounds": [
			{
				"name": "gamesound/bet",
				"stream": true
			}		]
	},
	"tiktok1": {
		"sounds": [
			{
				"name": "gamesound/tiktok1",
				"stream": true
			}		]
	},
	"flash": {
		"sounds": [
			{
				"name": "gamesound/flash",
				"stream": true
			}		]
	},
	"head_shot": {
		"sounds": [
			{
				"name": "gamesound/head_shot_1",
				"stream": true
			},
			{
				"name": "gamesound/head_shot_2",
				"stream": true
			},
			{
				"name": "gamesound/head_shot_3",
				"stream": true
			},	{
				"name": "gamesound/head_shot_4",
				"stream": true
			}		]
	}
}